Label,Label Category
18-wheeler Truck,Vehicles and Automotive
Aardvark,Animals and Pets
Absinthe,Food and Beverage
Abu Simbel,Popular Landmarks
Abyssinian,Animals and Pets
Acanthaceae,Plants and Flowers
Accessories,Apparel and Accessories
Accipiter,Animals and Pets
Accordion,Hobbies and Interests
Acorn,Food and Beverage
Acrobatic,Performing Arts
Action Figure,Hobbies and Interests
Adapter,Technology and Computing
Adult,Person Description
Adventure,Travel and Adventure
Advertisement,Text and Documents
Aerial View,Colors and Visual Composition
Affenpinscher,Animals and Pets
Afghan Hound,Animals and Pets
African Grey Parrot,Animals and Pets
Aftershave,Apparel and Accessories
Agapanthus,Plants and Flowers
Agaric,Plants and Flowers
Agate,Materials
Agavaceae,Plants and Flowers
Agriculture,Nature and Outdoors
Agropyron,Plants and Flowers
Air Base,Weapons and Military
Air Conditioner,Home Appliances
Aircraft,Vehicles and Automotive
Aircraft Carrier,Weapons and Military
Airedale,Animals and Pets
Airfield,Buildings and Architecture
Airliner,Vehicles and Automotive
Airmail,Text and Documents
Airplane,Vehicles and Automotive
Airplane Cabin,Travel and Adventure
Airport,Buildings and Architecture
Airport Terminal,Transport and Logistics
Airship,Vehicles and Automotive
Aisle,Buildings and Architecture
Alarm Clock,Home Appliances
Albatross,Animals and Pets
Alcatraz Island,Popular Landmarks
Alcohol,Food and Beverage
Algae,Plants and Flowers
Alien,Person Description
Alley,Buildings and Architecture
Allium,Plants and Flowers
Alloy Wheel,Vehicles and Automotive
Almond,Food and Beverage
Aloe,Plants and Flowers
Alphabet,Text and Documents
Altar,Buildings and Architecture
Aluminium,Materials
Amanita,Plants and Flowers
Amaranthaceae,Plants and Flowers
Amaryllidaceae,Plants and Flowers
Amaryllis,Plants and Flowers
Amber Palace,Popular Landmarks
Ambulance,Medical
American Flag,Symbols and Flags
American Football,Sports
American Football (Ball),Sports
American Football Game,Sports
Amethyst,Materials
Ammunition,Weapons and Military
Ampersand,Symbols and Flags
Amphibian,Animals and Pets
Amphibious Vehicle,Vehicles and Automotive
Amphiprion,Animals and Pets
Amphitheatre,Buildings and Architecture
Amplifier,Home Appliances
Amusement Park,Travel and Adventure
Anaconda,Animals and Pets
Anakena,Popular Landmarks
Analog Clock,Home Appliances
Anchor,Tools and Machinery
Andalusian Horse,Animals and Pets
Anemone,Animals and Pets
Angel,Person Description
Angelfish,Animals and Pets
Angkor Wat,Popular Landmarks
Angler,Person Description
Angora,Animals and Pets
Angry,Expressions and Emotions
Angus,Animals and Pets
Anhinga,Animals and Pets
Animal,Animals and Pets
Anime,Colors and Visual Composition
Anise,Food and Beverage
Ankle,Person Description
Anklet,Apparel and Accessories
Annonaceae,Plants and Flowers
Anole,Animals and Pets
Anseriformes,Animals and Pets
Ant,Animals and Pets
Anteater,Animals and Pets
Antelope,Animals and Pets
Antelope Canyon,Popular Landmarks
Antenna,Technology and Computing
Anther,Plants and Flowers
Anthracite,Materials
Anthurium,Plants and Flowers
Anthus,Animals and Pets
Antique Car,Vehicles and Automotive
Antler,Animals and Pets
Anvil,Tools and Machinery
Apartment Building,Buildings and Architecture
Ape,Animals and Pets
Aphid,Animals and Pets
Apiaceae,Plants and Flowers
Apiary,Animals and Pets
Apidae,Animals and Pets
Appenzeller,Animals and Pets
Applause,Actions
Apple,Food and Beverage
Apple Pie,Food and Beverage
Appliance,Home Appliances
Applique,Patterns and Shapes
Apricot,Food and Beverage
Apron,Apparel and Accessories
Apse,Buildings and Architecture
Aquarium,Animals and Pets
Aquatic,Animals and Pets
Aqueduct of Segovia,Popular Landmarks
Aquilegia,Plants and Flowers
Araceae,Plants and Flowers
Arbour,Buildings and Architecture
Arc De Triomphe,Popular Landmarks
Arcade Game Machine,Toys and Gaming
Arch,Buildings and Architecture
Arch Bridge,Buildings and Architecture
Archaeology,Buildings and Architecture
Archer,Person Description
Archery,Sports
Architecture,Buildings and Architecture
Arctic Fox,Animals and Pets
Arena,Buildings and Architecture
Arenaria,Plants and Flowers
Argentina Flag,Symbols and Flags
Argiope,Animals and Pets
Arguing,Expressions and Emotions
Arm,Person Description
Armadillo,Animals and Pets
Armchair,Furniture and Furnishings
Armor,Weapons and Military
Armored,Weapons and Military
Armory,Weapons and Military
Army,Weapons and Military
Arrest,Public Safety
Arrow,Weapons and Military
Arrowhead,Weapons and Military
Art,Hobbies and Interests
Art Gallery,Hobbies and Interests
Artichoke,Food and Beverage
Artillery,Weapons and Military
Arugula,Plants and Flowers
Ashtray,Home and Indoors
Asparagus,Food and Beverage
Assembly Line,Tools and Machinery
Astragalus,Plants and Flowers
Astronaut,Profession
Astronomy,Nature and Outdoors
Athlete,Profession
Atlas,Text and Documents
Atm,Everyday Objects
Atoll,Nature and Outdoors
Atomium,Popular Landmarks
Attic,Buildings and Architecture
Attorney,Profession
Atv,Vehicles and Automotive
Audience,Performing Arts
Auditorium,Buildings and Architecture
Aurora,Nature and Outdoors
Australia Flag,Symbols and Flags
Austria Flag,Symbols and Flags
Auto Racing,Travel and Adventure
Autumn,Nature and Outdoors
Avalanche,Nature and Outdoors
Avocado,Food and Beverage
Avocado Toast,Food and Beverage
Awning,Home and Indoors
Axe,Weapons and Military
Axle,Vehicles and Automotive
Azure Sky,Nature and Outdoors
Baboon,Animals and Pets
Baby,Person Description
Baby Crawling,Actions
Baby Laughing,Expressions and Emotions
Back,Person Description
Backlighting,Colors and Visual Composition
Backpack,Apparel and Accessories
Backpacking,Travel and Adventure
Backyard,Home and Indoors
Bacon,Food and Beverage
Badge,Symbols and Flags
Badger,Animals and Pets
Badlands National Park,Popular Landmarks
Badminton,Sports
Bag,Apparel and Accessories
Bagel,Food and Beverage
Baggage,Travel and Adventure
Bagpipe,Hobbies and Interests
Baguette,Food and Beverage
Bakery,Food and Beverage
Baking,Kitchen and Dining
Balance Beam,Sports
Balcony,Home and Indoors
Bald Eagle,Animals and Pets
Ball,Sports
Ballerina,Profession
Ballet,Hobbies and Interests
Balloon,Events and Attractions
Ballplayer,Sports
Ballroom,Home and Indoors
Bamboo,Plants and Flowers
Bamboo Shoot,Food and Beverage
Banana,Food and Beverage
Banana Boat,Vehicles and Automotive
Bandage,Medical
Bandana,Apparel and Accessories
Bangladesh Flag,Symbols and Flags
Bangles,Apparel and Accessories
Banjo,Hobbies and Interests
Banner,Text and Documents
Banquet,Events and Attractions
Banyan,Plants and Flowers
Bar,Travel and Adventure
Bar Chart,Text and Documents
Bar Counter,Home and Indoors
Bar Stool,Furniture and Furnishings
Barbed Wire,Tools and Machinery
Barbershop,Beauty and Personal Care
Barbie,Toys and Gaming
Barefoot,Person Description
Barge,Vehicles and Automotive
Barn,Buildings and Architecture
Barrel,Tools and Machinery
Barricade,Buildings and Architecture
Bartender,Profession
Baseball,Sports
Baseball (Ball),Sports
Baseball Bat,Sports
Baseball Cap,Apparel and Accessories
Baseball Game,Sports
Baseball Glove,Sports
Basement,Buildings and Architecture
Basin,Home and Indoors
Basket,Everyday Objects
Basketball,Sports
Basketball (Ball),Sports
Basketball Game,Sports
Bass Guitar,Hobbies and Interests
Bastei,Popular Landmarks
Bat,Animals and Pets
Bath Towel,Apparel and Accessories
Bathing,Actions
Bathing Cap,Apparel and Accessories
Bathroom,Home and Indoors
Bathtub,Home and Indoors
Batman,Toys and Gaming
Batman Logo,Toys and Gaming
Baton,Tools and Machinery
Batting Helmet,Apparel and Accessories
Battleship,Weapons and Military
Battling Ropes,Health and Fitness
Bay,Nature and Outdoors
Bay Window,Home and Indoors
Bayon Temple,Popular Landmarks
Bazaar,Buildings and Architecture
Bbq,Food and Beverage
Beach,Nature and Outdoors
Beach Wagon,Vehicles and Automotive
Beachwear,Apparel and Accessories
Beacon,Buildings and Architecture
Bead,Apparel and Accessories
Bead Necklace,Apparel and Accessories
Beagle,Animals and Pets
Beak,Animals and Pets
Bean,Food and Beverage
Bean Bag,Furniture and Furnishings
Bean Sprout,Food and Beverage
Beanie,Apparel and Accessories
Bear,Animals and Pets
Beard,Person Description
Beauty Salon,Beauty and Personal Care
Beaver,Animals and Pets
Bed,Home and Indoors
Bed Sheet,Furniture and Furnishings
Bedroom,Home and Indoors
Bee,Animals and Pets
Bee Eater,Animals and Pets
Beef,Food and Beverage
Beer,Food and Beverage
Beer Bottle,Food and Beverage
Beer Glass,Food and Beverage
Belgium Flag,Symbols and Flags
Bell,Events and Attractions
Bell Pepper,Food and Beverage
Bell Tower,Buildings and Architecture
Belt,Apparel and Accessories
Beluga Whale,Animals and Pets
Bench,Furniture and Furnishings
Bench Press,Health and Fitness
Berlin Wall Memorial,Popular Landmarks
Berliner Fernsehturm,Popular Landmarks
Berry,Food and Beverage
Beverage,Food and Beverage
Bib,Apparel and Accessories
Bicep Curls,Health and Fitness
Bicycle,Hobbies and Interests
Bikini,Apparel and Accessories
Billboard,Text and Documents
Billiard Room,Sports
Billiards,Sports
Binoculars,Technology and Computing
Biplane,Vehicles and Automotive
Birch,Plants and Flowers
Bird,Animals and Pets
Bird Feeder,Home and Indoors
Birdbath,Home and Indoors
Birthday Cake,Events and Attractions
Birthday Party,Events and Attractions
Bishop,Religion
Bison,Animals and Pets
Biting,Actions
Black,Colors and Visual Composition
Black Bear,Animals and Pets
Black Cat,Animals and Pets
Black Hair,Beauty and Personal Care
Black Swan,Animals and Pets
Black Widow,Animals and Pets
Blackberry,Food and Beverage
Blackbird,Animals and Pets
Blackboard,Education
Blade,Weapons and Military
Blanket,Home and Indoors
Blazer,Apparel and Accessories
Blender,Home Appliances
Blending Ingredients,Kitchen and Dining
Blimp,Vehicles and Automotive
Blizzard,Nature and Outdoors
Blonde,Beauty and Personal Care
Blouse,Apparel and Accessories
Blow Dryer,Tools and Machinery
Blowing Out Candles,Actions
Blue,Colors and Visual Composition
Blue Hair,Beauty and Personal Care
Blue Jay,Animals and Pets
Blueberry,Food and Beverage
Bluebird,Animals and Pets
Blueprint,Text and Documents
Bmx,Vehicles and Automotive
Boar,Animals and Pets
Boarding,Actions
Boarding Pass,Text and Documents
Boardwalk,Buildings and Architecture
Boat,Vehicles and Automotive
Boat Racing,Travel and Adventure
Boating,Travel and Adventure
Bobsled,Travel and Adventure
Body Part,Person Description
Boiling,Kitchen and Dining
Bok Choy,Food and Beverage
Bomb,Weapons and Military
Bomber,Weapons and Military
Bonfire,Travel and Adventure
Bongo,Animals and Pets
Bonito,Animals and Pets
Bonnet,Apparel and Accessories
Bonsai,Plants and Flowers
Booby,Animals and Pets
Book,Hobbies and Interests
Bookcase,Furniture and Furnishings
Bookstore,Hobbies and Interests
Boot,Apparel and Accessories
Boston Bull,Animals and Pets
Bottle,Everyday Objects
Boutique,Buildings and Architecture
Bow,Weapons and Military
Bow Tie,Apparel and Accessories
Bowl,Kitchen and Dining
Bowling,Sports
Bowling Ball,Sports
Box,Apparel and Accessories
Box Turtle,Animals and Pets
Boxer,Profession
Boxing,Sports
Boy,Person Description
Bra,Apparel and Accessories
Brace,Medical
Bracelet,Apparel and Accessories
Bracket,Tools and Machinery
Braid,Beauty and Personal Care
Brain Coral,Animals and Pets
Brake,Vehicles and Automotive
Brandenburg Gate,Popular Landmarks
Brass Section,Hobbies and Interests
Brazil Flag,Symbols and Flags
Bread,Food and Beverage
Bread Loaf,Food and Beverage
Breakfast,Food and Beverage
Brewery,Buildings and Architecture
Brick,Materials
Bridal Veil,Apparel and Accessories
Bride,Person Description
Bridegroom,Person Description
Bridesmaid,Person Description
Bridge,Buildings and Architecture
Bridge Of Sighs,Popular Landmarks
Bridge Yoga Pose,Health and Fitness
Brie,Food and Beverage
Briefcase,Everyday Objects
Brihadeeswara Temple,Popular Landmarks
Broccoli,Food and Beverage
Bronze,Materials
Brooch,Apparel and Accessories
Brooklyn Bridge,Popular Landmarks
Broom,Home and Indoors
Brown Bear,Animals and Pets
Brown Hair,Beauty and Personal Care
Brown Rice,Food and Beverage
Brownie,Food and Beverage
Brunch,Food and Beverage
Brush,Tools and Machinery
Brussel Sprouts,Food and Beverage
Bubble,Hobbies and Interests
Bubble Tea,Food and Beverage
Bucket,Everyday Objects
Buckingham Palace,Popular Landmarks
Buckle,Apparel and Accessories
Bud,Plants and Flowers
Buddha,Religion
Buffalo,Animals and Pets
Buffet,Food and Beverage
Buggy,Vehicles and Automotive
Bugle,Hobbies and Interests
Building,Buildings and Architecture
Building Complex,Buildings and Architecture
Building Flooding,Damage Detection
Building Sand Castles,Travel and Adventure
Bull,Animals and Pets
Bulldog,Animals and Pets
Bulldozer,Tools and Machinery
Bullet,Weapons and Military
Bullet Train,Vehicles and Automotive
Bullfighter,Person Description
Bullfighting,Sports
Bullring,Buildings and Architecture
Bumblebee,Animals and Pets
Bumper,Vehicles and Automotive
Bun,Food and Beverage
Bun (Hairstyle),Beauty and Personal Care
Bungee,Travel and Adventure
Bunk Bed,Furniture and Furnishings
Bunker,Weapons and Military
Burger,Food and Beverage
Burj Al Arab,Popular Landmarks
Burj Khalifa,Popular Landmarks
Burner,Home and Indoors
Burrito,Food and Beverage
Bus,Vehicles and Automotive
Bus Stop,Buildings and Architecture
Bush,Home and Indoors
Business Card,Text and Documents
Butcher Shop,Buildings and Architecture
Butter,Food and Beverage
Butterfly,Animals and Pets
Buzzard,Animals and Pets
Cabbage,Food and Beverage
Cabin,Buildings and Architecture
Cabin In The Woods,Travel and Adventure
Cabinet,Furniture and Furnishings
Cable,Tools and Machinery
Cable Car,Vehicles and Automotive
Cactus,Plants and Flowers
CAD Diagram,Text and Documents
Cafe,Food and Beverage
Cafeteria,Buildings and Architecture
Cage,Animals and Pets
Cake,Food and Beverage
Calculator,Technology and Computing
Calendar,Text and Documents
Calf,Animals and Pets
Calligraphy,Text and Documents
Camel,Animals and Pets
Camera,Technology and Computing
Camera Lens,Technology and Computing
Camouflage,Weapons and Military
Camping,Travel and Adventure
Campus,Buildings and Architecture
Can,Food and Beverage
Can Opener,Tools and Machinery
Canada Flag,Symbols and Flags
Canal,Buildings and Architecture
Canary,Animals and Pets
Candle,Everyday Objects
Candlestick,Home and Indoors
Candlestick Chart,Text and Documents
Candy,Food and Beverage
Cane,Tools and Machinery
Canine,Animals and Pets
Canned Goods,Food and Beverage
Cannon,Weapons and Military
Caño Cristales,Popular Landmarks
Canoe,Travel and Adventure
Canoeing,Travel and Adventure
Canopy,Buildings and Architecture
Canopy Bed,Furniture and Furnishings
Canvas,Materials
Canyon,Nature and Outdoors
Cap,Apparel and Accessories
Cape,Apparel and Accessories
Capitol Hill,Popular Landmarks
Capsule,Apparel and Accessories
Captain,Profession
Car,Vehicles and Automotive
Car - Exterior,Vehicles and Automotive
Car - Interior,Vehicles and Automotive
Car Back - Damaged,Damage Detection
Car Dealership,Vehicles and Automotive
Car Dent,Damage Detection
Car Engine,Vehicles and Automotive
Car Front - Damaged,Damage Detection
Car Mirror,Vehicles and Automotive
Car Mirror - Broken,Damage Detection
Car Scratch,Damage Detection
Car Seat,Vehicles and Automotive
Car Show,Events and Attractions
Car Trunk,Vehicles and Automotive
Car Wash,Vehicles and Automotive
Car Wheel,Vehicles and Automotive
Car Window,Vehicles and Automotive
Car Window - Broken,Damage Detection
Caramel,Food and Beverage
Caravan,Vehicles and Automotive
Cardamom,Food and Beverage
Cardboard,Materials
Cardigan,Apparel and Accessories
Cardinal,Animals and Pets
Cargo,Transport and Logistics
Cargo Container,Transport and Logistics
Carnation,Plants and Flowers
Carnival,Events and Attractions
Carousel,Toys and Gaming
Carp,Animals and Pets
Carpenter,Profession
Carriage,Vehicles and Automotive
Carrot,Food and Beverage
Carton,Materials
Cartoon,Colors and Visual Composition
Casa Milà,Popular Landmarks
Casino,Travel and Adventure
Cassette,Technology and Computing
Cassette Player,Technology and Computing
Castle,Buildings and Architecture
Cat,Animals and Pets
Cathedral,Buildings and Architecture
Cattle,Animals and Pets
Cauliflower,Food and Beverage
Cave,Nature and Outdoors
Cd Player,Technology and Computing
Ceiling Fan,Furniture and Furnishings
Ceiling Light,Home and Indoors
Celebrating,Actions
Cello,Hobbies and Interests
Centre Georges Pompidou,Popular Landmarks
Cereal Bowl,Food and Beverage
Chain,Materials
Chain Mail,Materials
Chain Saw,Tools and Machinery
Chair,Furniture and Furnishings
Chaise,Furniture and Furnishings
Chandelier,Furniture and Furnishings
Chapel,Buildings and Architecture
Charminar,Popular Landmarks
Chart,Text and Documents
Chasing,Actions
Château de Chambord,Popular Landmarks
Château de Villandry,Popular Landmarks
Checkout Counter,Buildings and Architecture
Cheerleading,Sports
Cheese,Food and Beverage
Cheesecake,Food and Beverage
Cheetah,Animals and Pets
Chef,Profession
Cheque,Text and Documents
Cherry,Food and Beverage
Cherry Blossom,Plants and Flowers
Chess,Sports
Chest Of Drawers,Furniture and Furnishings
Chhatrapati Shivaji Maharaj Terminus,Popular Landmarks
Chia Seeds,Food and Beverage
Chichen Itza,Popular Landmarks
Chicken,Animals and Pets
Chihuahua,Animals and Pets
Child,Person Description
Childbirth,Medical
Chile Flag,Symbols and Flags
Chime,Hobbies and Interests
China Cabinet,Kitchen and Dining
China Flag,Symbols and Flags
Chinchilla,Animals and Pets
Chinese New Year,Events and Attractions
Chocolate,Food and Beverage
Chopping Board,Kitchen and Dining
Chopping Ingredients,Kitchen and Dining
Chopsticks,Kitchen and Dining
Chow,Animals and Pets
Christ the Redeemer,Popular Landmarks
Christmas,Events and Attractions
Christmas Decorations,Events and Attractions
Christmas Stocking,Events and Attractions
Christmas Tree,Events and Attractions
Christmas Tree Ornaments,Events and Attractions
Church,Buildings and Architecture
Cilantro,Food and Beverage
Cinema,Hobbies and Interests
Cinque Terre,Popular Landmarks
Circuit Diagram,Text and Documents
Circus,Performing Arts
Citrus Fruit,Food and Beverage
City,Buildings and Architecture
Cityscape,Buildings and Architecture
Clam,Animals and Pets
Clamp,Tools and Machinery
Clapperboard,Hobbies and Interests
Clarinet,Hobbies and Interests
Classroom,Education
Claw,Animals and Pets
Cleaning,Actions
Cliff,Nature and Outdoors
Climbing,Travel and Adventure
Clinic,Medical
Cloak,Apparel and Accessories
Clock,Everyday Objects
Clock Tower,Buildings and Architecture
Clogs,Apparel and Accessories
Closet,Home and Indoors
Clothes Iron,Home Appliances
Clothing,Apparel and Accessories
Cloud,Nature and Outdoors
Cloud Gate - Chicago,Popular Landmarks
Clown,Profession
Club,Hobbies and Interests
Clutch Wheel,Tools and Machinery
CN Tower,Popular Landmarks
Coal,Materials
Coast,Nature and Outdoors
Coast Guard,Weapons and Military
Coat,Apparel and Accessories
Coat Rack,Furniture and Furnishings
Cobblestone,Materials
Cobra,Animals and Pets
Cockatoo,Animals and Pets
Cocker Spaniel,Animals and Pets
Cockpit,Vehicles and Automotive
Cockroach,Animals and Pets
Cocktail,Food and Beverage
Cocoa,Food and Beverage
Coconut,Food and Beverage
Cod,Animals and Pets
Coffee,Food and Beverage
Coffee Beans,Food and Beverage
Coffee Cup,Food and Beverage
Coffee Table,Furniture and Furnishings
Coffin,Events and Attractions
Coho,Animals and Pets
Coil,Tools and Machinery
Coin,Everyday Objects
Coke,Food and Beverage
Collage,Hobbies and Interests
Collar,Apparel and Accessories
College,Education
Collie,Animals and Pets
Colombia Flag,Symbols and Flags
Colosseum,Popular Landmarks
Colt Horse,Animals and Pets
Comb,Apparel and Accessories
Combination Lock,Tools and Machinery
Comet,Nature and Outdoors
Comics,Hobbies and Interests
Compass,Everyday Objects
Compass Math,Tools and Machinery
Computer,Technology and Computing
Computer Hardware,Technology and Computing
Computer Keyboard,Technology and Computing
Concert,Performing Arts
Conch,Animals and Pets
Concrete,Buildings and Architecture
Condo,Buildings and Architecture
Condor,Animals and Pets
Cone,Patterns and Shapes
Confetti,Events and Attractions
Conga,Hobbies and Interests
Conifer,Plants and Flowers
Construction,Buildings and Architecture
Construction Crane,Tools and Machinery
Contact Lens,Apparel and Accessories
Control Tower,Buildings and Architecture
Convention Center,Buildings and Architecture
Conversation,Actions
Convertible,Vehicles and Automotive
Cooker,Kitchen and Dining
Cookie,Food and Beverage
Cooking,Kitchen and Dining
Cooking Batter,Kitchen and Dining
Cooking Oil,Food and Beverage
Cooking Pan,Kitchen and Dining
Cooking Pot,Kitchen and Dining
Cooktop,Home Appliances
Cookware,Kitchen and Dining
Cooler,Home Appliances
Coral Reef,Nature and Outdoors
Cork,Materials
Cormorant,Animals and Pets
Corn,Food and Beverage
Cornbread,Food and Beverage
Corner,Patterns and Shapes
Cornrows,Beauty and Personal Care
Corridor,Buildings and Architecture
Corrosion,Damage Detection
Corset,Apparel and Accessories
Cosmetics,Beauty and Personal Care
Cosplay,Hobbies and Interests
Costume,Apparel and Accessories
Cottage,Buildings and Architecture
Cotton,Materials
Couch,Furniture and Furnishings
Cougar,Animals and Pets
Countryside,Nature and Outdoors
Coupe,Vehicles and Automotive
Courtroom,Buildings and Architecture
Cove,Nature and Outdoors
Cow,Animals and Pets
Cowbell,Hobbies and Interests
Cowboy Boot,Apparel and Accessories
Cowboy Hat,Apparel and Accessories
Coyote,Animals and Pets
Cpu,Technology and Computing
Crab,Animals and Pets
Cracker,Food and Beverage
Cradle,Home and Indoors
Crane Bird,Animals and Pets
Crash Helmet,Apparel and Accessories
Crate,Everyday Objects
Crater,Nature and Outdoors
Crawdad,Animals and Pets
Crawling,Actions
Crayon,Toys and Gaming
Cream,Food and Beverage
Credit Card,Text and Documents
Creek,Nature and Outdoors
Crepe,Food and Beverage
Crew Cut,Beauty and Personal Care
Crib,Home and Indoors
Cricket,Sports
Cricket Ball,Sports
Cricket Bat,Sports
Cricket Insect,Animals and Pets
Crime Scene,Public Safety
Crocodile,Animals and Pets
Crocus,Plants and Flowers
Croissant,Food and Beverage
Croquet,Sports
Cross,Symbols and Flags
Cross Country,Sports
Crossbow,Weapons and Military
Crossword Puzzle,Hobbies and Interests
Crow,Animals and Pets
Crowd,Person Description
Crown,Apparel and Accessories
Crucifix,Religion
Cruise Ship,Vehicles and Automotive
Cruiser,Vehicles and Automotive
Crying,Expressions and Emotions
Crypt,Buildings and Architecture
Crystal,Materials
Ct Scan,Technology and Computing
Cucumber,Food and Beverage
Cuddling,Actions
Cuff,Apparel and Accessories
Culinary,Kitchen and Dining
Cumin,Food and Beverage
Cumulus,Nature and Outdoors
Cup,Kitchen and Dining
Cupboard,Furniture and Furnishings
Cupcake,Food and Beverage
Cupid,Person Description
Curling,Sports
Curly Hair,Beauty and Personal Care
Curry,Food and Beverage
Curtain,Furniture and Furnishings
Cushion,Home and Indoors
Custard,Food and Beverage
Cutlery,Kitchen and Dining
Cutlet,Food and Beverage
Cycling,Actions
Cylinder,Patterns and Shapes
Czech Republic Flag,Symbols and Flags
Daffodil,Plants and Flowers
Dagger,Weapons and Military
Dahlia,Plants and Flowers
Dairy,Food and Beverage
Dairy Cow,Animals and Pets
Daisy,Plants and Flowers
Dalmatian,Animals and Pets
Dam,Buildings and Architecture
Dance Pose,Performing Arts
Dancing,Performing Arts
Dandelion,Plants and Flowers
Darts,Sports
Dating,Actions
Dead Lift,Health and Fitness
Debate,Actions
Deck,Home and Indoors
Deer,Animals and Pets
Deli,Food and Beverage
Demolition,Buildings and Architecture
Den,Home and Indoors
Denmark Flag,Symbols and Flags
Dentist,Profession
Deodorant,Beauty and Personal Care
Desert,Nature and Outdoors
Desk,Furniture and Furnishings
Desktop,Technology and Computing
Dessert,Food and Beverage
Destroyer,Weapons and Military
Device,Technology and Computing
Diagram,Text and Documents
Dial Telephone,Technology and Computing
Diamond,Apparel and Accessories
Diaper,Apparel and Accessories
Diary,Text and Documents
Dice,Hobbies and Interests
Digital Camera,Technology and Computing
Digital Clock,Home Appliances
Digital Watch,Apparel and Accessories
Dill,Plants and Flowers
Dime,Everyday Objects
Dimples,Person Description
Diner,Food and Beverage
Dinghy,Vehicles and Automotive
Dining Room,Home and Indoors
Dining Table,Furniture and Furnishings
Dinner,Food and Beverage
Dinosaur,Animals and Pets
Dip,Food and Beverage
Diploma,Text and Documents
Disco,Hobbies and Interests
Dish,Kitchen and Dining
Dishwasher,Home Appliances
Disk,Technology and Computing
Disposable Cup,Everyday Objects
Ditch,Nature and Outdoors
Diving,Actions
Diwali,Events and Attractions
Dj,Profession
Doctor,Profession
Document,Text and Documents
Dodo,Animals and Pets
Dog,Animals and Pets
Dog Bed,Animals and Pets
Dog House,Home and Indoors
Dogsled,Travel and Adventure
Doll,Toys and Gaming
Dollar,Everyday Objects
Dolphin,Animals and Pets
Dome,Buildings and Architecture
Dome Of The Rock,Popular Landmarks
Domino,Toys and Gaming
Donkey,Animals and Pets
Donut,Food and Beverage
Doodle,Colors and Visual Composition
Door,Furniture and Furnishings
Doormat,Home and Indoors
Dorm Room,Buildings and Architecture
Double Decker Bus,Vehicles and Automotive
Double Sink,Furniture and Furnishings
Dough,Food and Beverage
Dove,Animals and Pets
Downtown,Buildings and Architecture
Downward Dog Yoga Pose,Health and Fitness
Dragon,Animals and Pets
Dragonfly,Animals and Pets
Drain,Home and Indoors
Drawbridge,Buildings and Architecture
Drawer,Furniture and Furnishings
Drawing,Hobbies and Interests
Dredger,Vehicles and Automotive
Dress,Apparel and Accessories
Dress Shirt,Apparel and Accessories
Dresser,Furniture and Furnishings
Dressing Room,Home and Indoors
Driftwood,Materials
Drilling Rig,Transport and Logistics
Drinking,Food and Beverage
Drinking Alcohol,Actions
Drinking Fountain,Home and Indoors
Drive Shaft,Tools and Machinery
Driveway,Home and Indoors
Driving,Actions
Driving License,Text and Documents
Droplet,Nature and Outdoors
Drum,Hobbies and Interests
Drummer,Profession
Drying Rack,Kitchen and Dining
Dubai Frame,Popular Landmarks
Duck,Animals and Pets
Duel,Events and Attractions
Duet,Performing Arts
Dugout,Sports
Dumpling,Food and Beverage
Dune,Nature and Outdoors
Dung Beetle,Animals and Pets
Dungeon,Buildings and Architecture
Duomo Di Milano,Popular Landmarks
Durian,Food and Beverage
Dutch Oven,Home Appliances
Dvd,Technology and Computing
Dye,Apparel and Accessories
Dynamite,Weapons and Military
Eagle,Animals and Pets
Ear,Person Description
Earbuds,Technology and Computing
Earring,Apparel and Accessories
Earth,Nature and Outdoors
Earthquake,Public Safety
Easter Egg,Food and Beverage
Eating,Actions
Eclipse,Nature and Outdoors
Eel,Animals and Pets
Egg,Food and Beverage
Eggplant,Food and Beverage
Egret,Animals and Pets
Egypt Flag,Symbols and Flags
Egyptian Cat,Animals and Pets
Eiffel Tower,Popular Landmarks
Elbphilharmonie Hamburg,Popular Landmarks
Electric Fan,Home Appliances
Electric Guitar,Hobbies and Interests
Electric Transmission Tower,Buildings and Architecture
Electrical Device,Technology and Computing
Electrical Outlet,Technology and Computing
Electronic Chip,Technology and Computing
Electronics,Technology and Computing
Elephant,Animals and Pets
Elevator,Tools and Machinery
Elf,Person Description
Elk,Animals and Pets
Elliptical Trainer,Health and Fitness
Eltz Castle,Popular Landmarks
Emblem,Symbols and Flags
Embroidery,Hobbies and Interests
Emerald,Materials
Empire State Building,Popular Landmarks
Emu,Animals and Pets
Enchilada,Food and Beverage
Engine,Tools and Machinery
Entertainment Center,Performing Arts
Envelope,Text and Documents
Equestrian,Animals and Pets
Eruption,Nature and Outdoors
E-scooter,Vehicles and Automotive
Eskimo Dog,Animals and Pets
Espresso,Food and Beverage
Evening Dress,Apparel and Accessories
Exchange Of Vows,Events and Attractions
Executive,Profession
Exercise Bike,Health and Fitness
Explosion,Public Safety
Extinguishing Fire,Actions
Face,Person Description
Face Makeup,Beauty and Personal Care
Factory,Buildings and Architecture
Fallen Person,Public Safety
Fallingwater,Popular Landmarks
Family,Person Description
Farm,Nature and Outdoors
Farm Plow,Vehicles and Automotive
Farmer's Market,Food and Beverage
Fashion,Apparel and Accessories
Feather Boa,Apparel and Accessories
Female,Person Description
Fence,Home and Indoors
Fencing,Sports
Fern,Plants and Flowers
Ferret,Animals and Pets
Ferris Wheel,Travel and Adventure
Ferry,Vehicles and Automotive
Festival,Events and Attractions
Field,Nature and Outdoors
Field Hockey,Sports
Field Hockey Stick,Sports
Fig,Food and Beverage
Fighting,Actions
Figure Skating,Sports
Figurine,Hobbies and Interests
File,Text and Documents
File Binder,Text and Documents
File Folder,Text and Documents
Filing Cabinet,Offices and Workspaces
Finch,Animals and Pets
Finger,Person Description
Finland Flag,Symbols and Flags
Fir,Plants and Flowers
Fire,Public Safety
Fire Hydrant,Public Safety
Fire Screen,Home and Indoors
Fire Station,Public Safety
Fire Truck,Vehicles and Automotive
Firearm,Weapons and Military
Firefly,Animals and Pets
Fireman,Profession
Fireplace,Home and Indoors
Fireworks,Hobbies and Interests
First Aid,Medical
Fish,Animals and Pets
Fisheye,Technology and Computing
Fishing,Travel and Adventure
Fishing Lure,Hobbies and Interests
Fist,Person Description
Fitness,Health and Fitness
Flag,Symbols and Flags
Flagstone,Nature and Outdoors
Flame,Public Safety
Flamenco,Hobbies and Interests
Flamingo,Animals and Pets
Flare,Colors and Visual Composition
Flash Mob,Events and Attractions
Flashlight,Technology and Computing
Flat Bed Truck,Vehicles and Automotive
Flatiron Building - New York,Popular Landmarks
Flax,Food and Beverage
Flaxseed,Food and Beverage
Flea,Animals and Pets
Fleece,Apparel and Accessories
Flight,Vehicles and Automotive
Flip-Flop,Apparel and Accessories
Flock,Animals and Pets
Flood,Nature and Outdoors
Floor,Home and Indoors
Floor Lamp,Furniture and Furnishings
Floor Plan,Buildings and Architecture
Flooring,Home and Indoors
Floral Design,Patterns and Shapes
Flour,Food and Beverage
Flow Chart,Text and Documents
Flower,Plants and Flowers
Flower Arrangement,Plants and Flowers
Flower Bouquet,Plants and Flowers
Flugelhorn,Hobbies and Interests
Flute,Hobbies and Interests
Fly,Animals and Pets
Flying,Actions
Foal,Animals and Pets
Foam,Materials
Fog,Nature and Outdoors
Foil,Materials
Folding Door,Home and Indoors
Fondue,Food and Beverage
Food,Food and Beverage
Food Court,Food and Beverage
Food Presentation,Kitchen and Dining
Food Truck,Food and Beverage
Football,Sports
Football Helmet,Apparel and Accessories
Footprint,Travel and Adventure
Footwear,Apparel and Accessories
Forbidden City,Popular Landmarks
Forest Fire,Public Safety
Forge,Buildings and Architecture
Fork,Kitchen and Dining
Forklift,Tools and Machinery
Form,Text and Documents
Formal Wear,Apparel and Accessories
Formula One,Events and Attractions
Fort,Buildings and Architecture
Fortress,Buildings and Architecture
Fossil,Nature and Outdoors
Fountain,Nature and Outdoors
Fountain Pen,Everyday Objects
Fowl,Animals and Pets
Fox,Animals and Pets
Foxglove,Plants and Flowers
Foyer,Home and Indoors
Fractal,Patterns and Shapes
France Flag,Symbols and Flags
Freckle,Person Description
Freeway,Transport and Logistics
Freight Car,Vehicles and Automotive
Freighter,Vehicles and Automotive
French Bulldog,Animals and Pets
French Door,Home and Indoors
French Horn,Hobbies and Interests
French Window,Home and Indoors
Fried Chicken,Food and Beverage
Fried Egg,Food and Beverage
Fries,Food and Beverage
Frisbee,Sports
Frittata,Food and Beverage
Fritters,Food and Beverage
Frog,Animals and Pets
Frost,Nature and Outdoors
Frown,Expressions and Emotions
Frozen Yogurt,Food and Beverage
Fruit,Food and Beverage
Frying,Kitchen and Dining
Frying Pan,Kitchen and Dining
Fudge,Food and Beverage
Full Moon,Nature and Outdoors
Fun,Travel and Adventure
Funeral,Events and Attractions
Fungus,Plants and Flowers
Fur,Apparel and Accessories
Furniture,Furniture and Furnishings
Fuse,Technology and Computing
Gambling,Hobbies and Interests
Game,Toys and Gaming
Gantt Chart,Text and Documents
Garage,Home and Indoors
Garbage,Home and Indoors
Garbage Truck,Vehicles and Automotive
Garden,Nature and Outdoors
Garden Spider,Animals and Pets
Gardener,Profession
Gardening,Actions
Gargoyle,Buildings and Architecture
Garlic,Food and Beverage
Gas Mask,Public Safety
Gas Pump,Vehicles and Automotive
Gas Station,Buildings and Architecture
Gas Stove,Home Appliances
Gate,Buildings and Architecture
Gateway Arch,Popular Landmarks
Gateway Of India - Mumbai,Popular Landmarks
Gauge,Tools and Machinery
Gazebo,Buildings and Architecture
Gazelle,Animals and Pets
Gear,Tools and Machinery
Gearshift,Vehicles and Automotive
Gecko,Animals and Pets
Gemstone,Apparel and Accessories
Generator,Tools and Machinery
Geranium,Plants and Flowers
German Shepherd,Animals and Pets
Germany Flag,Symbols and Flags
Geyser,Nature and Outdoors
Gherkin,Popular Landmarks
Giant Panda,Animals and Pets
Giant's Causeway,Popular Landmarks
Gift,Everyday Objects
Gin,Food and Beverage
Ginger,Food and Beverage
Gingerbread,Food and Beverage
Giraffe,Animals and Pets
Girl,Person Description
Glacier,Nature and Outdoors
Gladiolus,Plants and Flowers
Glass,Materials
Glasses,Apparel and Accessories
Glider,Travel and Adventure
Gliding,Travel and Adventure
Glitter,Apparel and Accessories
Globe,Nature and Outdoors
Glove,Apparel and Accessories
Goa Gajah,Popular Landmarks
Goat,Animals and Pets
Goblet,Food and Beverage
Goggles,Apparel and Accessories
Gold,Materials
Gold Medal,Sports
Golden Gate Bridge,Popular Landmarks
Golden Retriever,Animals and Pets
Golden Temple - Amritsar,Popular Landmarks
Goldfish,Animals and Pets
Golf,Sports
Golf Ball,Sports
Golf Cart,Vehicles and Automotive
Golf Club,Sports
Golf Course,Sports
Gondola,Vehicles and Automotive
Gong,Hobbies and Interests
Goose,Animals and Pets
Gorilla,Animals and Pets
Gothic Arch,Buildings and Architecture
Gourd,Food and Beverage
Gown,Apparel and Accessories
GPS,Technology and Computing
Graduation,Education
Graffiti,Hobbies and Interests
Grain,Food and Beverage
Grand Canyon,Popular Landmarks
Grand People's Study House,Popular Landmarks
Grand Piano,Hobbies and Interests
Granite,Materials
Granola,Food and Beverage
Grapefruit,Food and Beverage
Grapes,Food and Beverage
Graphics,Hobbies and Interests
Grass,Plants and Flowers
Grasshopper,Animals and Pets
Grassland,Nature and Outdoors
Grater,Kitchen and Dining
Grating Food,Kitchen and Dining
Gravel,Materials
Gravestone,Buildings and Architecture
Graveyard,Buildings and Architecture
Gravy,Food and Beverage
Gray,Colors and Visual Composition
Grazing,Animals and Pets
Great Buddha - Japan,Popular Landmarks
Great Dane,Animals and Pets
Great Pyramids of Giza,Popular Landmarks
Great Wall of China,Popular Landmarks
Great White Shark,Animals and Pets
Green,Colors and Visual Composition
Green Bean,Food and Beverage
Green Hair,Beauty and Personal Care
Green Lizard,Animals and Pets
Green Snake,Animals and Pets
Green Tea,Food and Beverage
Green Vault,Popular Landmarks
Greenhouse,Buildings and Architecture
Greeting Card,Hobbies and Interests
Grenade,Weapons and Military
Grey Fox,Animals and Pets
Grille,Patterns and Shapes
Grilling,Kitchen and Dining
Grocery Store,Buildings and Architecture
Ground,Nature and Outdoors
Group Performance,Performing Arts
Groupshot,Colors and Visual Composition
Grouse,Animals and Pets
Grove,Plants and Flowers
Guacamole,Food and Beverage
Guard,Profession
Guard Rail,Buildings and Architecture
Guggenheim Museum - Bilbao,Popular Landmarks
Guitar,Hobbies and Interests
Guitarist,Profession
Gum,Food and Beverage
Gun,Weapons and Military
Gutter,Buildings and Architecture
Gym,Health and Fitness
Gym Weights,Health and Fitness
Gymnast,Profession
Gymnastics,Sports
Hacienda,Buildings and Architecture
Hagia Sofia,Popular Landmarks
Hail,Nature and Outdoors
Hair,Beauty and Personal Care
Hair Slide,Apparel and Accessories
Haircut,Beauty and Personal Care
Hairdresser,Person Description
Half Track,Weapons and Military
Halibut,Animals and Pets
Hall,Buildings and Architecture
Halloween,Events and Attractions
Hallway,Home and Indoors
Halter,Animals and Pets
Ham,Food and Beverage
Hammer,Tools and Machinery
Hammock,Travel and Adventure
Hamster,Animals and Pets
Hand,Person Description
Handbag,Apparel and Accessories
Handball,Sports
Handcuffs,Public Safety
Handgun,Weapons and Military
Hand-Held Computer,Technology and Computing
Handicraft,Education
Handle,Tools and Machinery
Handrail,Home and Indoors
Handsaw,Tools and Machinery
Handshake,Actions
Handstand,Health and Fitness
Handwriting,Text and Documents
Hang Gliding,Travel and Adventure
Hangar,Buildings and Architecture
Hanger,Apparel and Accessories
Hanukkah Menorah,Events and Attractions
Happy,Expressions and Emotions
Harbor,Nature and Outdoors
Hard Disk,Technology and Computing
Hardhat,Apparel and Accessories
Hardware,Technology and Computing
Hardwood,Home and Indoors
Hare,Animals and Pets
Harmonica,Hobbies and Interests
Harness,Apparel and Accessories
Harp,Hobbies and Interests
Harvest,Plants and Flowers
Hat,Apparel and Accessories
Hatchback,Vehicles and Automotive
Hawa Mahal,Popular Landmarks
Hawk,Animals and Pets
Head,Person Description
Head Cabbage,Food and Beverage
Headband,Apparel and Accessories
Headbanging,Hobbies and Interests
Headlight,Vehicles and Automotive
Headphones,Technology and Computing
Headrest,Vehicles and Automotive
Headstand,Health and Fitness
Heart,Person Description
Hearth,Home and Indoors
Heat Map,Text and Documents
Heater,Home Appliances
Hedge,Home and Indoors
Hedgehog,Animals and Pets
Heel,Person Description
Helicopter,Vehicles and Automotive
Helmet,Apparel and Accessories
Hemp,Plants and Flowers
Hen,Animals and Pets
Henna,Hobbies and Interests
Herbal,Plants and Flowers
Herbs,Plants and Flowers
Herd,Animals and Pets
Heron,Animals and Pets
Herring,Animals and Pets
Hibiscus,Plants and Flowers
Hiding,Actions
High Heel,Apparel and Accessories
High Jump,Sports
High Rise,Buildings and Architecture
Highchair,Furniture and Furnishings
Highlighted Hair,Beauty and Personal Care
Highway,Transport and Logistics
Hiking,Travel and Adventure
Hill,Nature and Outdoors
Hip,Person Description
Hippie,Person Description
Hippo,Animals and Pets
Ho Chi Minh Mausoleum,Popular Landmarks
Hockey,Sports
Hoe,Tools and Machinery
Hog,Animals and Pets
Holding Hands,Actions
Hole,Nature and Outdoors
Holi,Events and Attractions
Hollywood Sign,Popular Landmarks
Home Damage,Damage Detection
Home Decor,Furniture and Furnishings
Home Renovation Work,Home and Indoors
Home Theater,Technology and Computing
Honey,Food and Beverage
Honey Bee,Animals and Pets
Honeycomb,Nature and Outdoors
Hong Kong SAR Flag,Symbols and Flags
Hood,Apparel and Accessories
Hoodie,Apparel and Accessories
Hook,Tools and Machinery
Hoop,Sports
Hoover Dam,Popular Landmarks
Horizon,Nature and Outdoors
Horn,Hobbies and Interests
Horse,Animals and Pets
Horse Cart,Vehicles and Automotive
Horse Racing,Hobbies and Interests
Horseback Riding,Hobbies and Interests
Horseshoe,Animals and Pets
Hose,Tools and Machinery
Hosiery,Apparel and Accessories
Hospital,Medical
Hostel,Buildings and Architecture
Hot Air Balloon,Travel and Adventure
Hot Chocolate,Food and Beverage
Hot Dog,Food and Beverage
Hot Pot,Food and Beverage
Hot Rod,Vehicles and Automotive
Hot Tub,Home and Indoors
Hotel,Buildings and Architecture
Hound,Animals and Pets
Hourglass,Everyday Objects
House,Buildings and Architecture
Housing,Buildings and Architecture
Hovercraft,Vehicles and Automotive
Hub,Transport and Logistics
Hubcap,Vehicles and Automotive
Huddle,Sports
Hugging,Actions
Hula,Hobbies and Interests
Hummingbird,Animals and Pets
Hunting,Travel and Adventure
Hurdle,Sports
Hurricane,Nature and Outdoors
Husky,Animals and Pets
Hut,Buildings and Architecture
Hydrant,Tools and Machinery
Hydrofoil,Vehicles and Automotive
Hyena,Animals and Pets
Ice,Nature and Outdoors
Ice Cream,Food and Beverage
Ice Hockey,Sports
Ice Hockey Puck,Sports
Ice Hockey Stick,Sports
Ice Pop,Food and Beverage
Ice Skating,Sports
Ice Skating Dancing,Sports
Iceberg,Nature and Outdoors
Icebreaker,Vehicles and Automotive
Icicle,Nature and Outdoors
Icing,Food and Beverage
Id Cards,Text and Documents
Igloo,Buildings and Architecture
Iguana,Animals and Pets
Ikebana,Home and Indoors
Impala,Animals and Pets
Incense,Everyday Objects
India Flag,Symbols and Flags
India Gate,Popular Landmarks
Indonesia Flag,Symbols and Flags
Indoor Play Area,Home and Indoors
Indoors,Home and Indoors
Infant Bed,Medical
Inflatable,Toys and Gaming
Injection,Medical
Injury,Medical
Ink Bottle,Everyday Objects
Inn,Buildings and Architecture
Insect,Animals and Pets
Interior Design,Home and Indoors
Intersection,Buildings and Architecture
Interview,Events and Attractions
Invertebrate,Animals and Pets
Invoice,Text and Documents
Iphone,Technology and Computing
Ipod,Technology and Computing
iPod Shuffle,Technology and Computing
Iran Flag,Symbols and Flags
Ireland Flag,Symbols and Flags
Iris,Plants and Flowers
Island,Nature and Outdoors
Israel Flag,Symbols and Flags
Italy Flag,Symbols and Flags
Ivory,Materials
Ivy,Plants and Flowers
Jacket,Apparel and Accessories
Jackfruit,Food and Beverage
Jack-o-lantern,Events and Attractions
Jade,Materials
Jaguar Car,Vehicles and Automotive
Jal Mahal,Popular Landmarks
Jam,Food and Beverage
Japan Flag,Symbols and Flags
Jar,Kitchen and Dining
Jaw,Person Description
Jay,Animals and Pets
Jeans,Apparel and Accessories
Jeep,Vehicles and Automotive
Jelly,Food and Beverage
Jellyfish,Animals and Pets
Jersey,Apparel and Accessories
Jet,Vehicles and Automotive
Jet Ski,Travel and Adventure
Jewelry,Apparel and Accessories
Jewelry Store,Buildings and Architecture
Jigsaw Puzzle,Toys and Gaming
Joystick,Technology and Computing
Judge,Profession
Judo,Sports
Jug,Kitchen and Dining
Juggling,Actions
Juice,Food and Beverage
Jumping,Actions
Junagarh Fort - Bikaner,Popular Landmarks
Jungle,Nature and Outdoors
Jury,Person Description
Kabba - Mecca,Popular Landmarks
Kale,Food and Beverage
Kangaroo,Animals and Pets
Karaoke,Hobbies and Interests
Karate,Sports
Kart,Vehicles and Automotive
Kayak,Travel and Adventure
Kayaking,Travel and Adventure
Keg,Food and Beverage
Kennel,Home and Indoors
Ketchup,Food and Beverage
Kettle,Kitchen and Dining
Kettledrum,Hobbies and Interests
Key,Everyday Objects
Keyboard,Hobbies and Interests
Khaki,Apparel and Accessories
Kicking,Actions
Kilt,Apparel and Accessories
Kimono,Apparel and Accessories
Kindergarten,Buildings and Architecture
King Crab,Food and Beverage
King Penguin,Animals and Pets
King Snake,Animals and Pets
Kiosk,Buildings and Architecture
Kissing,Actions
Kit Fox,Animals and Pets
Kitchen,Home and Indoors
Kitchen Island,Furniture and Furnishings
Kitchen Peeler,Kitchen and Dining
Kitchen Utensil,Kitchen and Dining
Kite,Hobbies and Interests
Kite Bird,Animals and Pets
Kitten,Animals and Pets
Kiwi,Food and Beverage
Kiwi Bird,Animals and Pets
Kneading Dough,Kitchen and Dining
Knee,Person Description
Kneeling,Actions
Knife,Weapons and Military
Knight,Profession
Knitting,Actions
Knitwear,Apparel and Accessories
Knot,Hobbies and Interests
Koala,Animals and Pets
Kohlrabi,Food and Beverage
Koi,Animals and Pets
Konark Sun Temple,Popular Landmarks
Korea Flag,Symbols and Flags
Kronborg Castle,Popular Landmarks
Kyoto Imperial Palace,Popular Landmarks
La Sagrada Familia,Popular Landmarks
Lab,Medical
Lab Coat,Apparel and Accessories
Laboratory,Medical
Labrador Retriever,Animals and Pets
Lace,Apparel and Accessories
Ladle,Kitchen and Dining
Lady,Person Description
Lager,Food and Beverage
Lagoon,Nature and Outdoors
Laguna Colorada,Popular Landmarks
Lake,Nature and Outdoors
Lake Pichola,Popular Landmarks
Lakefront,Nature and Outdoors
Lamp,Furniture and Furnishings
Lamp Post,Everyday Objects
Lampshade,Furniture and Furnishings
Land,Nature and Outdoors
Landfill,Buildings and Architecture
Landing,Transport and Logistics
Landmark,Popular Landmarks
Landscape,Nature and Outdoors
Landslide,Nature and Outdoors
Lantern,Hobbies and Interests
Laptop,Technology and Computing
Larch,Plants and Flowers
Lasagna,Food and Beverage
Laser,Technology and Computing
Latex Clothing,Apparel and Accessories
Lathe,Tools and Machinery
Latte,Food and Beverage
Latte Art,Food and Beverage
Laughing,Expressions and Emotions
Launch,Weapons and Military
Laundry,Home and Indoors
Lava,Nature and Outdoors
Lavender,Plants and Flowers
Lawn,Home and Indoors
Lawn Mower,Home Appliances
Leaf,Plants and Flowers
Leafy Green Vegetable,Food and Beverage
Leash,Animals and Pets
Leather Jacket,Apparel and Accessories
Lecture,Education
Lecture Hall,Education
LED,Technology and Computing
Leek,Food and Beverage
Leg Press,Health and Fitness
Lego Set,Hobbies and Interests
Lei,Plants and Flowers
Leisure Activities,Travel and Adventure
Lemon,Food and Beverage
Lemonade,Food and Beverage
Lemur,Animals and Pets
Lençóis Maranhenses National Park,Popular Landmarks
Lens Cap,Technology and Computing
Lentil,Food and Beverage
Leshan Giant Buddha,Popular Landmarks
Lesser Panda,Animals and Pets
Letter,Text and Documents
Letter Opener,Everyday Objects
Lettuce,Food and Beverage
Liberty Bell,Popular Landmarks
Library,Education
License Plate,Vehicles and Automotive
Life Buoy,Travel and Adventure
Lifejacket,Apparel and Accessories
Light,Colors and Visual Composition
Light Fixture,Home and Indoors
Lightbulb,Home and Indoors
Lighter,Everyday Objects
Lighthouse,Buildings and Architecture
Lighting,Home and Indoors
Lightning,Nature and Outdoors
Lilac,Plants and Flowers
Lily,Plants and Flowers
Lime,Food and Beverage
Limestone,Materials
Limo,Vehicles and Automotive
Lincoln Memorial,Popular Landmarks
Line Chart,Text and Documents
Linen,Apparel and Accessories
Lingerie,Apparel and Accessories
Lion,Animals and Pets
Lipstick,Beauty and Personal Care
Liquor,Food and Beverage
Little Mermaid,Popular Landmarks
Livestock,Animals and Pets
Living Room,Home and Indoors
Lizard,Animals and Pets
Llama,Animals and Pets
Loading Dock,Transport and Logistics
Lobster,Food and Beverage
Lock,Everyday Objects
Locker,Tools and Machinery
Locket,Apparel and Accessories
Locomotive,Vehicles and Automotive
Loft,Buildings and Architecture
Log Cabin,Buildings and Architecture
Logo,Symbols and Flags
Lollipop,Food and Beverage
Long Jump,Sports
Long Sleeve,Apparel and Accessories
Longhorn,Animals and Pets
Lotion,Beauty and Personal Care
Lotus Temple,Popular Landmarks
Lotus Yoga Pose,Health and Fitness
Lounge,Home and Indoors
Love Heart Symbol,Symbols and Flags
Lumber,Materials
Lunar Eclipse,Nature and Outdoors
Lunch,Food and Beverage
Lupin,Plants and Flowers
Lute,Hobbies and Interests
Lynx,Animals and Pets
Lyre,Hobbies and Interests
Mac and Cheese,Food and Beverage
Macaroni,Food and Beverage
Macarons,Food and Beverage
Macaw,Animals and Pets
Mace Club,Weapons and Military
Machine,Tools and Machinery
Machine Gun,Weapons and Military
Machu Picchu,Popular Landmarks
Magazine,Text and Documents
Magician,Profession
Magnifying,Everyday Objects
Magpie,Animals and Pets
Mahabodhi Temple,Popular Landmarks
Mail,Text and Documents
Mailbox,Home and Indoors
Makeup,Beauty and Personal Care
Malaysia Flag,Symbols and Flags
Male,Person Description
Mallard,Animals and Pets
Mallet,Tools and Machinery
Mammal,Animals and Pets
Man,Person Description
Manatee,Animals and Pets
Mandolin,Hobbies and Interests
Manga,Hobbies and Interests
Mango,Food and Beverage
Manhole,Tools and Machinery
Manicure,Beauty and Personal Care
Manneken Pis,Popular Landmarks
Mannequin,Apparel and Accessories
Manor,Buildings and Architecture
Mansion,Buildings and Architecture
Manta Ray,Animals and Pets
Mantis,Animals and Pets
Manufacturing,Tools and Machinery
Manx,Animals and Pets
Map,Everyday Objects
Maple,Plants and Flowers
Maple Leaf,Plants and Flowers
Maraca,Hobbies and Interests
Marathon,Sports
Marble,Materials
Marching,Actions
Mardi Gras,Events and Attractions
Marina,Nature and Outdoors
Marker,Everyday Objects
Market,Buildings and Architecture
Maroon,Colors and Visual Composition
Martial Arts,Sports
Martini,Food and Beverage
Mascara,Beauty and Personal Care
Mascot,Sports
Mashed Potato,Food and Beverage
Mashing Food,Kitchen and Dining
Mask,Apparel and Accessories
Mason Jar,Kitchen and Dining
Massage,Health and Fitness
Mat,Home and Indoors
Mathematical Equation,Text and Documents
Mattock,Tools and Machinery
Mattress,Furniture and Furnishings
Mausoleum of Emperor Khai Dinh,Popular Landmarks
Mayonnaise,Food and Beverage
Maze,Travel and Adventure
Meadow,Nature and Outdoors
Meal,Food and Beverage
Measurements,Text and Documents
Measuring Cup,Kitchen and Dining
Meat,Food and Beverage
Meat Loaf,Food and Beverage
Meatball,Food and Beverage
Mecca,Buildings and Architecture
Medical Procedure,Medical
Medication,Medical
Medicine Chest,Medical
Meenakshi Amman Temple,Popular Landmarks
Meerkat,Animals and Pets
Meeting Room,Offices and Workspaces
Melon,Food and Beverage
Menu,Food and Beverage
Mercedes-Benz Museum,Popular Landmarks
Mesa,Nature and Outdoors
Metalworking,Tools and Machinery
Metropolis,Buildings and Architecture
Mexico Flag,Symbols and Flags
Microphone,Technology and Computing
Microscope,Technology and Computing
Microwave,Home Appliances
Military,Weapons and Military
Military Base,Weapons and Military
Military Officer,Person Description
Military Uniform,Weapons and Military
Milk,Food and Beverage
Milk Can,Food and Beverage
Milkshake,Food and Beverage
Milky Way,Nature and Outdoors
Millau Bridge - France,Popular Landmarks
Mime,Profession
Mimosa,Food and Beverage
Mineral,Materials
Mineral Water,Food and Beverage
Mini Golf,Sports
Minibus,Vehicles and Automotive
Mining,Buildings and Architecture
Miniskirt,Apparel and Accessories
Minivan,Vehicles and Automotive
Mint,Plants and Flowers
Mirror,Apparel and Accessories
Missile,Weapons and Military
Mist,Nature and Outdoors
Mixer,Home Appliances
Mixing Bowl,Kitchen and Dining
Mixing Food,Kitchen and Dining
Moat,Buildings and Architecture
Mobile Home,Home and Indoors
Mobile Phone,Technology and Computing
Model T,Vehicles and Automotive
Modem,Technology and Computing
Modern Art,Hobbies and Interests
Mohawk Hairstyle,Beauty and Personal Care
Mojito,Food and Beverage
Mold,Damage Detection
Mold Damage,Damage Detection
Mole,Animals and Pets
Monarch,Animals and Pets
Monastery,Buildings and Architecture
Money,Everyday Objects
Monitor,Technology and Computing
Monk,Person Description
Monkey,Animals and Pets
Monorail,Vehicles and Automotive
Monument,Buildings and Architecture
Monument Valley,Popular Landmarks
Moon,Nature and Outdoors
Moose,Animals and Pets
Moped,Vehicles and Automotive
Mortar,Weapons and Military
Mortar Shell,Weapons and Military
Mosaic,Patterns and Shapes
Mosque,Buildings and Architecture
Mosque Of Cordoba,Popular Landmarks
Mosquito,Animals and Pets
Mosquito Net,Home and Indoors
Moss,Plants and Flowers
Motel,Buildings and Architecture
Moth,Animals and Pets
Motocross,Vehicles and Automotive
Motor,Tools and Machinery
Motor Scooter,Vehicles and Automotive
Motorcycle,Vehicles and Automotive
Mound,Buildings and Architecture
Mount Rushmore National Memorial,Popular Landmarks
Mountain,Nature and Outdoors
Mountain Bike,Vehicles and Automotive
Mountain Goat,Animals and Pets
Mountain Range,Nature and Outdoors
Mountain Tent,Travel and Adventure
Mouse,Animals and Pets
Mousepad,Technology and Computing
Mousse,Food and Beverage
Mouth,Person Description
Moving Van,Vehicles and Automotive
Mowing Lawn,Actions
Mud,Nature and Outdoors
Muffin,Food and Beverage
Mullet Fish,Animals and Pets
Mural,Hobbies and Interests
Museum,Buildings and Architecture
Mushroom,Food and Beverage
Music,Performing Arts
Music Band,Performing Arts
Musical Instrument,Hobbies and Interests
Musician,Profession
Mustache,Person Description
Mustang,Vehicles and Automotive
Mustard,Food and Beverage
Mutton,Food and Beverage
My Son Sanctuary - Vietnam,Popular Landmarks
N Seoul Tower,Popular Landmarks
Nachos,Food and Beverage
Nail,Tools and Machinery
Nail Polish,Beauty and Personal Care
Napkin,Apparel and Accessories
Nature,Nature and Outdoors
Navel,Person Description
Navy,Weapons and Military
Nebula,Nature and Outdoors
Neck,Person Description
Necklace,Apparel and Accessories
Necktie,Apparel and Accessories
Neighborhood,Buildings and Architecture
Neon,Colors and Visual Composition
Nest,Nature and Outdoors
Netherlands Flag,Symbols and Flags
Network,Technology and Computing
Neuschwanstein Castle,Popular Landmarks
New Zealand Flag,Symbols and Flags
Newborn,Person Description
Newfoundland,Nature and Outdoors
Newgrange,Popular Landmarks
Newspaper,Text and Documents
Newsstand,Buildings and Architecture
Nickel,Materials
Nigeria Flag,Symbols and Flags
Night,Nature and Outdoors
Night Club,Travel and Adventure
Night Life,Travel and Adventure
Ninja,Profession
Noodle,Food and Beverage
Noodle Soup,Food and Beverage
North Korea Flag,Symbols and Flags
Norway Flag,Symbols and Flags
Notebook,Text and Documents
Novel,Text and Documents
Nuclear,Weapons and Military
Nuclear Explosion,Weapons and Military
Nuggets,Food and Beverage
Number,Text and Documents
Nurse,Profession
Nursery,Home and Indoors
Nut,Food and Beverage
Nutcracker,Toys and Gaming
Nymphenburg Palace,Popular Landmarks
Oak,Plants and Flowers
Oars,Hobbies and Interests
Oatmeal,Food and Beverage
Obelisk,Buildings and Architecture
Oboe,Hobbies and Interests
Observatory,Buildings and Architecture
Ocean Floor,Nature and Outdoors
Ocelot,Animals and Pets
Octopus,Animals and Pets
Office,Offices and Workspaces
Office Building,Buildings and Architecture
Office Chair,Offices and Workspaces
Officer,Profession
Offroad,Vehicles and Automotive
Oil Spill,Public Safety
Oilfield,Transport and Logistics
Okra,Food and Beverage
Omelette,Food and Beverage
One World Trade Center,Popular Landmarks
Onion,Food and Beverage
Opal,Materials
Opening Present,Actions
Opera House,Buildings and Architecture
Operating Theatre,Medical
Orange,Food and Beverage
Orange Juice,Food and Beverage
Orangutan,Animals and Pets
Orca,Animals and Pets
Orchestra,Performing Arts
Orchestra Pit,Performing Arts
Orchid,Plants and Flowers
Oriental Pearl TV Tower,Popular Landmarks
Origami,Hobbies and Interests
Ornament,Apparel and Accessories
Oscilloscope,Technology and Computing
Ostrich,Animals and Pets
Otter,Animals and Pets
Ottoman,Furniture and Furnishings
Outdoor Play Area,Home and Indoors
Outdoors,Nature and Outdoors
Outer Space,Nature and Outdoors
Outhouse,Buildings and Architecture
Outrigger,Travel and Adventure
Oval,Patterns and Shapes
Oven,Home Appliances
Overcoat,Apparel and Accessories
Overhead Press,Health and Fitness
Overpass,Buildings and Architecture
Owl,Animals and Pets
Ox,Animals and Pets
Oyster,Food and Beverage
Pac Man,Toys and Gaming
Package,Home and Indoors
Package Delivery,Actions
Paddle,Travel and Adventure
Paddy Field,Plants and Flowers
Paella,Food and Beverage
Page,Text and Documents
Pagoda,Buildings and Architecture
Pain,Expressions and Emotions
Paint Container,Hobbies and Interests
Paintball,Sports
Painting,Furniture and Furnishings
Paisley,Patterns and Shapes
Pajamas,Apparel and Accessories
Pakistan Flag,Symbols and Flags
Palace,Buildings and Architecture
Palace of Westminster,Popular Landmarks
Palette,Hobbies and Interests
Palm Islands - United Arab Emirates,Popular Landmarks
Palm Tree,Plants and Flowers
Pancake,Food and Beverage
Panoramic,Nature and Outdoors
Pansy,Plants and Flowers
Pantheon,Popular Landmarks
Panther,Animals and Pets
Panties,Apparel and Accessories
Pantry,Home and Indoors
Pants,Apparel and Accessories
Pantyhose,Apparel and Accessories
Paparazzi,Profession
Papaya,Food and Beverage
Paper,Materials
Paper Towel,Kitchen and Dining
Papillon,Animals and Pets
Para Rubber Tree,Plants and Flowers
Parabolic Antennas,Technology and Computing
Parachute,Travel and Adventure
Parade,Events and Attractions
Paragliding,Travel and Adventure
Parakeet,Animals and Pets
Park,Buildings and Architecture
Park Bench,Home and Indoors
Parking Lot,Transport and Logistics
Parking Meter,Vehicles and Automotive
Parliament,Buildings and Architecture
Parrot,Animals and Pets
Parsley,Food and Beverage
Parsnip,Food and Beverage
Parthenon,Buildings and Architecture
Partridge,Animals and Pets
Party,Events and Attractions
Party Hat,Apparel and Accessories
Passenger Car,Vehicles and Automotive
Passport,Text and Documents
Pasta,Food and Beverage
Pastry,Food and Beverage
Pasture,Nature and Outdoors
Patchwork,Patterns and Shapes
Path,Nature and Outdoors
Patient,Medical
Patio,Home and Indoors
Patio Umbrella,Home and Indoors
Pattern,Patterns and Shapes
Pc,Technology and Computing
Pea,Food and Beverage
Peace Memorial Park Hiroshima,Popular Landmarks
Peach,Food and Beverage
Peacock,Animals and Pets
Peak,Nature and Outdoors
Peanut,Food and Beverage
Peanut Butter,Food and Beverage
Pear,Food and Beverage
Pearl,Apparel and Accessories
Pebble,Nature and Outdoors
Pecan,Food and Beverage
Pedal,Tools and Machinery
Pedestrian,Person Description
Peel,Food and Beverage
Peeling,Kitchen and Dining
Peeps,Food and Beverage
Pelican,Animals and Pets
Pen,Everyday Objects
Pencil,Everyday Objects
Pencil Box,Everyday Objects
Pendant,Apparel and Accessories
Penguin,Animals and Pets
Peninsula,Nature and Outdoors
Pentagon,Popular Landmarks
Penthouse,Buildings and Architecture
Peony,Plants and Flowers
People,Person Description
Pepper,Food and Beverage
Perch,Animals and Pets
Percussion,Hobbies and Interests
Performer,Profession
Perfume,Apparel and Accessories
Pergola,Home and Indoors
Persimmon,Food and Beverage
Person,Person Description
Pet,Animals and Pets
Petal,Plants and Flowers
Petra,Popular Landmarks
Petrol,Vehicles and Automotive
Petronas Twin Towers,Popular Landmarks
PEZ Dispenser,Toys and Gaming
Pharmacy,Medical
Pheasant,Animals and Pets
Philippines Flag,Symbols and Flags
Phone,Technology and Computing
Phone Booth,Buildings and Architecture
Photo Booth,Events and Attractions
Photo Frame,Furniture and Furnishings
Photobombing,Actions
Photographer,Profession
Photographic Film,Hobbies and Interests
Photography,Hobbies and Interests
Photoshoot,Apparel and Accessories
Pianist,Profession
Piano,Hobbies and Interests
Picket,Buildings and Architecture
Picket Fence,Home and Indoors
Pickle,Food and Beverage
Pickup Truck,Vehicles and Automotive
Picnic,Travel and Adventure
Picnic Basket,Travel and Adventure
Picture Window,Home and Indoors
Pie,Food and Beverage
Pie Chart,Text and Documents
Pier,Buildings and Architecture
Piercing,Apparel and Accessories
Pig,Animals and Pets
Pigeon,Animals and Pets
Piggy Bank,Everyday Objects
Pike,Animals and Pets
Pilates,Health and Fitness
Pill,Medical
Pillar,Buildings and Architecture
Pillow,Home and Indoors
Pin,Apparel and Accessories
Pinata,Events and Attractions
Pine,Plants and Flowers
Pineapple,Food and Beverage
Ping Pong,Sports
Ping Pong Paddle,Sports
Pink Hair,Beauty and Personal Care
Pipeline,Transport and Logistics
Pirate,Profession
Piste,Sports
Pit Stop,Vehicles and Automotive
Pita,Food and Beverage
Pitbull,Animals and Pets
Pixie Cut,Beauty and Personal Care
Pizza,Food and Beverage
Plan,Buildings and Architecture
Planet,Nature and Outdoors
Planetarium,Buildings and Architecture
Plank Exercise,Health and Fitness
Plant,Plants and Flowers
Planter,Plants and Flowers
Planting,Plants and Flowers
Plaque,Text and Documents
Plastic,Materials
Plastic Bag,Everyday Objects
Plastic Wrap,Kitchen and Dining
Plate,Kitchen and Dining
Plate Rack,Kitchen and Dining
Plateau,Nature and Outdoors
Platinum,Materials
Platter,Food and Beverage
Play,Actions
Play Area,Home and Indoors
Playing American Football,Actions
Playing Baseball,Actions
Playing Basketball,Actions
Playing Cricket,Actions
Playing Golf,Actions
Playing Keyboards,Performing Arts
Playing Soccer,Actions
Playing Tennis,Actions
Playing Volleyball,Actions
Plectrum,Hobbies and Interests
Pliers,Tools and Machinery
Plot,Text and Documents
Plug,Technology and Computing
Plum,Food and Beverage
Plumbing,Actions
Plush,Toys and Gaming
Plywood,Materials
Poached Egg,Food and Beverage
Podium,Events and Attractions
Pointer,Animals and Pets
Poland Flag,Symbols and Flags
Polar Bear,Animals and Pets
Pole Vault,Sports
Police,Profession
Police Car,Public Safety
Police Dog,Public Safety
Police Officer,Profession
Police Station,Public Safety
Polka Dot,Patterns and Shapes
Pollen,Plants and Flowers
Pollution,Nature and Outdoors
Polo,Sports
Pomegranate,Food and Beverage
Pomelo,Food and Beverage
Poncho,Apparel and Accessories
Pond,Nature and Outdoors
Pond Lily,Plants and Flowers
Pont du Gard,Popular Landmarks
Pont Neuf,Popular Landmarks
Ponte Vecchio,Popular Landmarks
Ponytail,Animals and Pets
Poodle,Animals and Pets
Pool,Home and Indoors
Pool Table,Sports
Pop Bottle,Food and Beverage
Popcorn,Food and Beverage
Pope,Religion
Poppy,Plants and Flowers
Porcelain,Buildings and Architecture
Porch,Home and Indoors
Porcupine,Animals and Pets
Pork,Food and Beverage
Port,Weapons and Military
Porthole,Vehicles and Automotive
Portico,Home and Indoors
Portrait,Hobbies and Interests
Portugal Flag,Symbols and Flags
Possum,Animals and Pets
Post Apocalyptic,Colors and Visual Composition
Postage Stamp,Everyday Objects
Postal Office,Buildings and Architecture
Postbox,Home and Indoors
Postcard,Text and Documents
Poster,Furniture and Furnishings
Pot,Kitchen and Dining
Potala Palace,Popular Landmarks
Potato,Food and Beverage
Potted Plant,Home and Indoors
Pottery,Hobbies and Interests
Potty,Home and Indoors
Poultry,Animals and Pets
Pouring Food,Kitchen and Dining
Powder,Materials
Power Drill,Tools and Machinery
Power Lines,Transport and Logistics
Power Plant,Tools and Machinery
Prayer,Religion
Prayer Beads,Religion
Premiere,Events and Attractions
Press Conference,Events and Attractions
Pressure Cooker,Kitchen and Dining
Pretzel,Food and Beverage
Pride Parade,Events and Attractions
Priest,Religion
Printed Circuit Board,Technology and Computing
Printer,Technology and Computing
Prison,Food and Beverage
Private Mailbox,Home and Indoors
Produce,Food and Beverage
Projection Screen,Technology and Computing
Projector,Technology and Computing
Promontory,Nature and Outdoors
Propeller,Tools and Machinery
Protest,Public Safety
Ptarmigan,Animals and Pets
Pub,Buildings and Architecture
Publication,Education
Puddle,Nature and Outdoors
Puffer,Animals and Pets
Puffin,Animals and Pets
Pug,Animals and Pets
Pull Ups,Health and Fitness
Pump,Tools and Machinery
Pumpkin,Food and Beverage
Puppy,Animals and Pets
Purple,Colors and Visual Composition
Purse,Apparel and Accessories
Push Ups,Health and Fitness
Pushing,Actions
Putter,Sports
Pyramid,Buildings and Architecture
QR Code,Technology and Computing
Quail,Animals and Pets
Quartz,Materials
Quasedilla,Food and Beverage
Quilt,Furniture and Furnishings
Quince,Food and Beverage
Quiver,Sports
Qutub Minar,Popular Landmarks
Rabbit,Animals and Pets
Raccoon,Animals and Pets
Race Car,Vehicles and Automotive
Racket,Sports
Radiator,Tools and Machinery
Radio,Technology and Computing
Radio Telescope,Technology and Computing
Radish,Food and Beverage
Rafting,Travel and Adventure
Railing,Home and Indoors
Railway,Transport and Logistics
Rain,Nature and Outdoors
Rain Barrel,Tools and Machinery
Rainbow,Nature and Outdoors
Raincoat,Apparel and Accessories
Rainforest,Nature and Outdoors
Raisins,Food and Beverage
Rake,Tools and Machinery
Rally,Vehicles and Automotive
RAM Memory,Technology and Computing
Ramp,Buildings and Architecture
Ranch,Home and Indoors
Raspberry,Food and Beverage
Rat,Animals and Pets
Rattle,Toys and Gaming
Rattlesnake,Animals and Pets
Ravioli,Food and Beverage
Razor,Apparel and Accessories
Reading,Actions
Reality Show Judges Panel,Performing Arts
Receipt,Text and Documents
Reception,Offices and Workspaces
Reception Desk,Offices and Workspaces
Reception Room,Offices and Workspaces
Recliner,Furniture and Furnishings
Recycling Symbol,Symbols and Flags
Red,Colors and Visual Composition
Red Carpet,Events and Attractions
Red Cross,Medical
Red Fort,Popular Landmarks
Red Fox,Animals and Pets
Red Hair,Beauty and Personal Care
Red Wine,Food and Beverage
Red Wolf,Animals and Pets
Redwood,Plants and Flowers
Reed,Plants and Flowers
Reef,Animals and Pets
Reel,Tools and Machinery
Refinery,Transport and Logistics
Refrigerator,Home Appliances
Relish,Food and Beverage
Remote Control,Technology and Computing
Reptile,Animals and Pets
Rescue,Public Safety
Reservoir,Nature and Outdoors
Resort,Buildings and Architecture
Restaurant,Buildings and Architecture
Revolving Door,Buildings and Architecture
Rhino,Animals and Pets
Rhubarb,Food and Beverage
Rialto Bridge,Popular Landmarks
Ribs,Food and Beverage
Rice,Food and Beverage
Riding Boot,Apparel and Accessories
Rifle,Weapons and Military
Ring,Apparel and Accessories
Rink,Sports
Riot,Public Safety
Ripple,Patterns and Shapes
River,Nature and Outdoors
Road,Transport and Logistics
Road Sign,Transport and Logistics
Road Trip,Travel and Adventure
Roast,Food and Beverage
Roasting,Kitchen and Dining
Robe,Apparel and Accessories
Robin,Animals and Pets
Robot,Technology and Computing
Rock,Nature and Outdoors
Rock Beauty,Animals and Pets
Rock Climbing,Travel and Adventure
Rock Concert,Hobbies and Interests
Rock of Gibraltar,Popular Landmarks
Rock Python,Animals and Pets
Rocket,Weapons and Military
Rocking Chair,Furniture and Furnishings
Rodent,Animals and Pets
Rodeo,Events and Attractions
Roller Coaster,Travel and Adventure
Roller Skating,Sports
Romania Flag,Symbols and Flags
Romantic,Expressions and Emotions
Roof,Buildings and Architecture
Roof Damage,Damage Detection
Roof Rack,Vehicles and Automotive
Room,Home and Indoors
Rooster,Animals and Pets
Root,Plants and Flowers
Rope,Tools and Machinery
Rope Bridge,Buildings and Architecture
Rose,Plants and Flowers
Rotor,Tools and Machinery
Roulette,Travel and Adventure
Router,Technology and Computing
Row House,Buildings and Architecture
Rowboat,Vehicles and Automotive
Rowing,Travel and Adventure
Rowing Machine,Health and Fitness
Rubber Eraser,Everyday Objects
Rubble,Public Safety
Rubix Cube,Toys and Gaming
Rug,Furniture and Furnishings
Rugby,Sports
Rugby Ball,Sports
Ruins,Buildings and Architecture
Running,Health and Fitness
Running Shoe,Apparel and Accessories
Running Track,Sports
Runway,Transport and Logistics
Rural,Nature and Outdoors
Russia Flag,Symbols and Flags
Rust,Damage Detection
Rutabaga,Food and Beverage
Rv,Vehicles and Automotive
Sack,Everyday Objects
Sad,Expressions and Emotions
Saddle,Hobbies and Interests
Safari,Nature and Outdoors
Safe,Home and Indoors
Sailboat,Vehicles and Automotive
Sailor Suit,Apparel and Accessories
Saint Basil's Cathedral,Popular Landmarks
Saint Bernard,Animals and Pets
Sake,Food and Beverage
Salad,Food and Beverage
Salad Bar,Kitchen and Dining
Salamander,Animals and Pets
Salmon,Food and Beverage
Samurai,Profession
Sand,Nature and Outdoors
Sandal,Apparel and Accessories
Sandwich,Food and Beverage
Sandwich Wrap,Food and Beverage
Santa Claus,Events and Attractions
Santorini,Popular Landmarks
Sapphire,Apparel and Accessories
Sardine,Animals and Pets
Sari,Apparel and Accessories
Sash,Apparel and Accessories
Satellite,Technology and Computing
Saucepan,Kitchen and Dining
Saucer,Kitchen and Dining
Saudi Arabia Flag,Symbols and Flags
Sauna,Beauty and Personal Care
Sauteing,Kitchen and Dining
Savanna,Nature and Outdoors
Saxophone,Hobbies and Interests
Scaffolding,Buildings and Architecture
Scale,Tools and Machinery
Scarecrow,Nature and Outdoors
Scarf,Apparel and Accessories
Scatter Plot,Text and Documents
Scenery,Nature and Outdoors
School,Education
School Bus,Vehicles and Automotive
Scientist,Profession
Scissors,Tools and Machinery
Scooter,Vehicles and Automotive
Scoreboard,Sports
Scorpion,Animals and Pets
Screen,Technology and Computing
Screw,Tools and Machinery
Screwdriver,Tools and Machinery
Scroll,Text and Documents
Scuba Diving,Travel and Adventure
Sculpture,Hobbies and Interests
Sea,Nature and Outdoors
Sea Anemone,Animals and Pets
Sea Life,Animals and Pets
Sea Lion,Animals and Pets
Sea Snake,Animals and Pets
Sea Turtle,Animals and Pets
Sea Waves,Nature and Outdoors
Seafood,Food and Beverage
Seagull,Animals and Pets
Seahorse,Animals and Pets
Seal,Animals and Pets
Seaplane,Vehicles and Automotive
Seashell,Nature and Outdoors
Seasoning,Food and Beverage
Seat Belt,Vehicles and Automotive
Seaweed,Food and Beverage
Security,Public Safety
Sedan,Vehicles and Automotive
Seed,Food and Beverage
Seesaw,Toys and Gaming
Segway,Vehicles and Automotive
Selfie,Colors and Visual Composition
Seminar,Education
Senior Citizen,Person Description
Server,Technology and Computing
Sesame,Food and Beverage
Sewer,Buildings and Architecture
Sewing,Hobbies and Interests
Sewing Machine,Home Appliances
Shack,Buildings and Architecture
Shaker,Kitchen and Dining
Shallot,Food and Beverage
Shampoo,Beauty and Personal Care
Shanghai World Financial Center,Popular Landmarks
Shark,Animals and Pets
Shears,Tools and Machinery
Sheep,Animals and Pets
Sheet Music,Hobbies and Interests
Shelf,Furniture and Furnishings
Shelter,Buildings and Architecture
Shield,Weapons and Military
Ship,Vehicles and Automotive
Shipping Container,Transport and Logistics
Shipwreck,Buildings and Architecture
Shirt,Apparel and Accessories
Shoe,Apparel and Accessories
Shoe Shop,Buildings and Architecture
Shooting,Weapons and Military
Shooting Range,Weapons and Military
Shop,Buildings and Architecture
Shopping,Events and Attractions
Shopping Bag,Apparel and Accessories
Shopping Basket,Kitchen and Dining
Shopping Cart,Everyday Objects
Shopping Mall,Buildings and Architecture
Shoreline,Nature and Outdoors
Shorts,Apparel and Accessories
Shotgun,Weapons and Military
Shoulder,Person Description
Shouting,Expressions and Emotions
Shovel,Tools and Machinery
Shoving,Actions
Shower,Home and Indoors
Shower Curtain,Furniture and Furnishings
Shower Faucet,Home and Indoors
Shrimp,Animals and Pets
Shrine,Religion
Shuffling Cards,Actions
Shutter,Home and Indoors
Siamese,Animals and Pets
Sideboard,Home and Indoors
Sidecar,Vehicles and Automotive
Sidewalk,Buildings and Architecture
Siding,Buildings and Architecture
Sign,Symbols and Flags
Signature,Text and Documents
Silhouette,Colors and Visual Composition
Silk,Apparel and Accessories
Silver,Materials
Singapore Flag,Symbols and Flags
Singing,Performing Arts
Sink,Home and Indoors
Sink Faucet,Home and Indoors
Sistine Chapel,Popular Landmarks
Sitting,Actions
Skateboard,Sports
Skating,Sports
Skeleton,Person Description
Ski Boot,Apparel and Accessories
Ski Lift,Travel and Adventure
Skiing,Sports
Skillet,Kitchen and Dining
Skin,Person Description
Skipping Rope,Health and Fitness
Skirt,Apparel and Accessories
Skunk,Animals and Pets
Sky,Nature and Outdoors
Sky Tower - Auckland,Popular Landmarks
Skydiving,Travel and Adventure
Skylight,Buildings and Architecture
Skyscraper,Buildings and Architecture
Slamming,Actions
Slapping,Actions
Slate,Materials
Sled,Travel and Adventure
Sleeping,Actions
Sleeve,Apparel and Accessories
Sliced,Patterns and Shapes
Slide,Toys and Gaming
Sliding,Actions
Sliding Door,Furniture and Furnishings
Slingshot,Sports
Slope,Nature and Outdoors
Slot,Toys and Gaming
Sloth,Animals and Pets
Slow Cooker,Kitchen and Dining
Slug,Animals and Pets
Slum,Buildings and Architecture
Small Box Truck,Vehicles and Automotive
Smelling,Actions
Smile,Expressions and Emotions
Smog,Buildings and Architecture
Smoke,Public Safety
Smoke Pipe,Hobbies and Interests
Smoking,Actions
Smoothie,Food and Beverage
Snack,Food and Beverage
Snail,Animals and Pets
Snake,Animals and Pets
Sneaker,Apparel and Accessories
Sneezing,Actions
Sniper,Profession
Snorkeling,Travel and Adventure
Snout,Animals and Pets
Snow,Nature and Outdoors
Snow Angel,Nature and Outdoors
Snow Leopard,Animals and Pets
Snowball Fight,Travel and Adventure
Snowboarding,Sports
Snowflake,Nature and Outdoors
Snowman,Events and Attractions
Snowmobile,Travel and Adventure
Snowplow,Tools and Machinery
Soaking Ingredients,Kitchen and Dining
Soap,Everyday Objects
Soccer,Sports
Soccer Ball,Sports
Sock,Apparel and Accessories
Soda,Food and Beverage
Soft Serve Ice Cream,Food and Beverage
Soil,Nature and Outdoors
Solar Panels,Technology and Computing
Soldier,Profession
Solo Performance,Performing Arts
Sombrero,Apparel and Accessories
Soup,Food and Beverage
Soup Bowl,Kitchen and Dining
South Africa Flag,Symbols and Flags
Soy,Food and Beverage
Spa,Beauty and Personal Care
Space Needle,Popular Landmarks
Space Shuttle,Vehicles and Automotive
Space Station,Technology and Computing
Spaceship,Technology and Computing
Spaghetti,Food and Beverage
Spain Flag,Symbols and Flags
Spandex,Apparel and Accessories
Sparrow,Animals and Pets
Spatula,Kitchen and Dining
Speaker,Technology and Computing
Spear,Weapons and Military
Speech,Actions
Sphere,Patterns and Shapes
Spice,Food and Beverage
Spider,Animals and Pets
Spider Web,Animals and Pets
Spinach,Food and Beverage
Spiral,Patterns and Shapes
Spire,Buildings and Architecture
Spitting,Actions
Spoke,Vehicles and Automotive
Sponge,Materials
Sponge Animal,Animals and Pets
Spoon,Kitchen and Dining
Sport,Sports
Sports Car,Vehicles and Automotive
Spotlight,Colors and Visual Composition
Spray Can,Everyday Objects
Spring,Nature and Outdoors
Spring Break,Travel and Adventure
Spring Onion,Food and Beverage
Sprinkler,Home and Indoors
Sprinkles,Food and Beverage
Sprinkling,Kitchen and Dining
Sprint Race,Sports
Sprout,Plants and Flowers
Spruce,Plants and Flowers
Squash,Food and Beverage
Squat,Health and Fitness
Squid,Animals and Pets
Squirrel,Animals and Pets
St. Paul Cathedral,Popular Landmarks
St. Peter's Basilica,Popular Landmarks
Stadium,Buildings and Architecture
Stage,Performing Arts
Stain,Apparel and Accessories
Stained Glass,Hobbies and Interests
Stained Wood,Home and Indoors
Staircase,Home and Indoors
Stallion,Animals and Pets
Stand,Furniture and Furnishings
Standing,Actions
Standing Desk,Offices and Workspaces
Star Anise,Food and Beverage
Star Symbol,Symbols and Flags
Starfish,Animals and Pets
Starry Sky,Nature and Outdoors
Station Wagon,Vehicles and Automotive
Statue,Buildings and Architecture
Statue of Liberty,Popular Landmarks
Steak,Food and Beverage
Steam Engine,Vehicles and Automotive
Steamer,Vehicles and Automotive
Steel,Materials
Steering Wheel,Vehicles and Automotive
Stein,Materials
Stencil,Hobbies and Interests
Stereo,Technology and Computing
Stethoscope,Medical
Stew,Food and Beverage
Stick,Everyday Objects
Sticker,Text and Documents
Stilts,Hobbies and Interests
Stingray,Animals and Pets
Stirring Food,Kitchen and Dining
Stitch,Apparel and Accessories
Stocking,Apparel and Accessories
Stole,Apparel and Accessories
Stomach,Person Description
Stone Wall,Buildings and Architecture
Stonehenge,Popular Landmarks
Stopsign,Transport and Logistics
Stopwatch,Everyday Objects
Stork,Animals and Pets
Storm,Nature and Outdoors
Stout,Food and Beverage
Stove,Home Appliances
Strap,Apparel and Accessories
Straw,Plants and Flowers
Strawberry,Plants and Flowers
Stream,Nature and Outdoors
Street,Buildings and Architecture
Streetcar,Vehicles and Automotive
Stretch,Health and Fitness
Stretcher,Medical
Stroller,Vehicles and Automotive
Student,Person Description
Studio,Buildings and Architecture
Stuffing,Food and Beverage
Sturgeon,Animals and Pets
Submarine,Weapons and Military
Suburb,Buildings and Architecture
Subway,Transport and Logistics
Suede,Apparel and Accessories
Sugar,Food and Beverage
Suit,Apparel and Accessories
Suitcase,Everyday Objects
Summer,Nature and Outdoors
Summer Palace,Popular Landmarks
Sumo,Sports
Sun,Nature and Outdoors
Sun Hat,Apparel and Accessories
Sunbathing,Health and Fitness
Sundae,Food and Beverage
Sundial,Buildings and Architecture
Sunflower,Plants and Flowers
Sunglasses,Apparel and Accessories
Sunlight,Nature and Outdoors
Sunrise,Nature and Outdoors
Sunscreen,Apparel and Accessories
Sunset,Nature and Outdoors
Super Mario,Toys and Gaming
Supermarket,Buildings and Architecture
Surface Computer,Technology and Computing
Surfboard,Sports
Surfing,Sports
Surgeon,Profession
Surgeonfish,Animals and Pets
Surprised,Expressions and Emotions
Sushi,Food and Beverage
Suspenders,Apparel and Accessories
Suspension,Vehicles and Automotive
Suspension Bridge,Buildings and Architecture
Suv,Vehicles and Automotive
Swallow,Animals and Pets
Swamp,Nature and Outdoors
Swan,Animals and Pets
Swat Team,Weapons and Military
Sweater,Apparel and Accessories
Sweating,Actions
Sweatshirt,Apparel and Accessories
Sweden Flag,Symbols and Flags
Sweet Potato,Food and Beverage
Sweets,Food and Beverage
Swimming,Sports
Swimming Cap,Apparel and Accessories
Swimming Pool,Home and Indoors
Swimming Trunks,Apparel and Accessories
Swimwear,Apparel and Accessories
Swing,Toys and Gaming
Switch,Tools and Machinery
Switzerland Flag,Symbols and Flags
Sword,Weapons and Military
Swordfight,Sports
Swordfish,Animals and Pets
Sycamore,Plants and Flowers
Sydney Opera House,Popular Landmarks
Symbol,Symbols and Flags
Syrup,Food and Beverage
Table,Furniture and Furnishings
Table Lamp,Furniture and Furnishings
Tablecloth,Kitchen and Dining
Tablet Computer,Technology and Computing
Tabletop,Furniture and Furnishings
Tabloid,Text and Documents
Tachometer,Tools and Machinery
Taco,Food and Beverage
Tadpole,Animals and Pets
Tai Chi,Health and Fitness
Taipei 101 - Taiwan,Popular Landmarks
Taiwan Flag,Symbols and Flags
Taj Mahal,Popular Landmarks
Takeoff,Travel and Adventure
Taking Cover,Actions
Tanah Lot,Popular Landmarks
Tandem Bicycle,Vehicles and Automotive
Tango,Hobbies and Interests
Tank,Weapons and Military
Tank Top,Apparel and Accessories
Tap,Home and Indoors
Tape,Tools and Machinery
Tape Player,Technology and Computing
Tapestry,Home and Indoors
Tar,Materials
Tarantula,Animals and Pets
Tarmac,Transport and Logistics
Tart,Food and Beverage
Tartan,Patterns and Shapes
Tater Tots,Food and Beverage
Tattoo,Beauty and Personal Care
Taxi,Vehicles and Automotive
Tea,Food and Beverage
Teacher,Profession
Teal,Colors and Visual Composition
Team,Person Description
Team Sport,Sports
Teapot,Food and Beverage
Technical Drawing,Text and Documents
Teddy Bear,Hobbies and Interests
Teen,Person Description
Teeth,Person Description
Telescope,Tools and Machinery
Temple,Religion
Temple of Heaven,Popular Landmarks
Temple of Luxor,Popular Landmarks
Tender Coconut,Food and Beverage
Tennis,Sports
Tennis Ball,Sports
Tennis Racket,Sports
Tent,Buildings and Architecture
Tequila,Food and Beverage
Terminal,Transport and Logistics
Termite,Animals and Pets
Termite Damage,Damage Detection
Terrace,Buildings and Architecture
Terracotta Warriors,Popular Landmarks
Terrier,Animals and Pets
Test Tube,Medical
Text,Text and Documents
Text Message,Text and Documents
Texting,Actions
Texture,Patterns and Shapes
Thailand Flag,Symbols and Flags
The Archaeological Site of Jerash,Popular Landmarks
The Basilica of Notre-Dame de Fourvière,Popular Landmarks
The Cathedral of Santa Maria - Mallorca,Popular Landmarks
The Centre Pompidou,Popular Landmarks
The Chrysler Building,Popular Landmarks
The City of Arts and Sciences - Valencia,Popular Landmarks
The Eagle's Nest,Popular Landmarks
The Great Sphinx,Popular Landmarks
The Louvre,Popular Landmarks
The Reichstag,Popular Landmarks
The Shard,Popular Landmarks
The White House,Popular Landmarks
Theater,Performing Arts
Theme Park,Travel and Adventure
Therapy,Medical
Thermometer,Medical
Thigh,Person Description
Thistle,Plants and Flowers
Thomas Jefferson Memorial,Popular Landmarks
Thong,Apparel and Accessories
Three-Toed Sloth,Animals and Pets
Throat,Person Description
Throne,Home and Indoors
Throwing,Actions
Thumbs Up,Actions
Thunderstorm,Nature and Outdoors
Tiara,Apparel and Accessories
Tibidabo - Barcelona,Popular Landmarks
Tick,Animals and Pets
Ticket,Text and Documents
Tie,Apparel and Accessories
Tiger,Animals and Pets
Tights,Apparel and Accessories
Tile,Home and Indoors
Tile Roof,Buildings and Architecture
Tin,Materials
Tiramisu,Food and Beverage
Tire,Vehicles and Automotive
Tissue,Home and Indoors
Toad,Animals and Pets
Toast,Food and Beverage
Toaster,Home Appliances
Tobacco,Food and Beverage
Toe,Person Description
Toilet,Home and Indoors
Toilet Paper,Home and Indoors
Tokyo Skytree,Popular Landmarks
Tokyo Tower,Popular Landmarks
Tomato,Food and Beverage
Tomb,Buildings and Architecture
Tongs,Kitchen and Dining
Tongue,Person Description
Tool,Tools and Machinery
Toolshed,Home and Indoors
Toothbrush,Beauty and Personal Care
Toothpaste,Everyday Objects
Torch,Tools and Machinery
Torii,Buildings and Architecture
Tornado,Nature and Outdoors
Torpedo,Weapons and Military
Torso,Person Description
Torte,Food and Beverage
Tortellini,Food and Beverage
Tortilla,Food and Beverage
Tortoise,Animals and Pets
Tote Bag,Apparel and Accessories
Totem,Symbols and Flags
Toucan,Animals and Pets
Tour Bus,Vehicles and Automotive
Tourist,Person Description
Tow Truck,Vehicles and Automotive
Towel,Home and Indoors
Tower,Buildings and Architecture
Tower Bridge,Popular Landmarks
Tower of Hercules,Popular Landmarks
Tower of Pisa,Popular Landmarks
Town Square,Buildings and Architecture
Towpath,Vehicles and Automotive
Toy,Hobbies and Interests
Track And Field,Sports
Tractor,Vehicles and Automotive
Traffic Jam,Vehicles and Automotive
Traffic Light,Transport and Logistics
Trail,Travel and Adventure
Trailer Truck,Vehicles and Automotive
Train,Vehicles and Automotive
Train Station,Transport and Logistics
Trampoline,Home and Indoors
Transportation,Vehicles and Automotive
Trash,Home and Indoors
Trash Can,Everyday Objects
Tray,Everyday Objects
Treadmill,Health and Fitness
Treasure,Buildings and Architecture
Treasure Flower,Plants and Flowers
Tree,Nature and Outdoors
Tree Frog,Animals and Pets
Tree House,Buildings and Architecture
Tree Stump,Plants and Flowers
Tree Trunk,Plants and Flowers
Tree Yoga Pose,Health and Fitness
Trench Coat,Apparel and Accessories
T-Rex,Animals and Pets
Triangle,Patterns and Shapes
Triangle Yoga Pose,Health and Fitness
Tribe,Person Description
Tricycle,Vehicles and Automotive
Trident,Weapons and Military
Tripod,Tools and Machinery
Triumphant,Expressions and Emotions
Trombone,Hobbies and Interests
Troop,Person Description
Trophy,Sports
Tropical,Nature and Outdoors
Trout,Animals and Pets
Trowel,Tools and Machinery
Truck,Vehicles and Automotive
Trumpet,Hobbies and Interests
T-Shirt,Apparel and Accessories
Tsunami,Nature and Outdoors
Tub,Home and Indoors
Tuba,Hobbies and Interests
Tubing,Sports
Tugboat,Vehicles and Automotive
Tulip,Plants and Flowers
Tuna,Animals and Pets
Tundra,Nature and Outdoors
Tunnel,Transport and Logistics
Turban,Apparel and Accessories
Turbine,Tools and Machinery
Turkey Bird,Animals and Pets
Turkey Dinner,Food and Beverage
Turkey Flag,Symbols and Flags
Turnip,Food and Beverage
Turnstile,Tools and Machinery
Turquoise,Colors and Visual Composition
Turret,Weapons and Military
Turtle,Animals and Pets
Tuxedo,Apparel and Accessories
TV,Technology and Computing
Ultrasound,Medical
Uluru-Ayers Rock,Popular Landmarks
Umbrella,Everyday Objects
UML Diagram,Text and Documents
Undershirt,Apparel and Accessories
Underwater,Nature and Outdoors
Underwear,Apparel and Accessories
United Arab Emirates Flag,Symbols and Flags
United Kingdom Flag,Symbols and Flags
Upright Piano,Hobbies and Interests
Urban,Colors and Visual Composition
Urchin,Animals and Pets
Urn,Everyday Objects
Utility Pole,Transport and Logistics
Vacation,Travel and Adventure
Vacuum Cleaner,Home Appliances
Valley,Nature and Outdoors
Van,Vehicles and Automotive
Vandalism,Public Safety
Vase,Furniture and Furnishings
Vault Ceiling,Buildings and Architecture
Vegetable,Food and Beverage
Vegetation,Nature and Outdoors
Vehicle,Vehicles and Automotive
Veil,Apparel and Accessories
Veins,Person Description
Velvet,Materials
Vending Machine,Technology and Computing
Venn Diagram,Text and Documents
Vermicelli,Food and Beverage
Verona Arena,Popular Landmarks
Vest,Apparel and Accessories
Veterinarian,Profession
Viaduct,Buildings and Architecture
Victoria Memorial,Popular Landmarks
Video Camera,Technology and Computing
Video Gaming,Actions
Vietnam Flag,Symbols and Flags
Vigil,Events and Attractions
Villa,Buildings and Architecture
Village,Buildings and Architecture
Vine,Plants and Flowers
Vineyard,Food and Beverage
Violin,Hobbies and Interests
Vise,Tools and Machinery
Volcano,Nature and Outdoors
Volleyball,Sports
Volleyball (Ball),Sports
Volleyball Game,Sports
VR Headset,Technology and Computing
Vulture,Animals and Pets
Waffle,Food and Beverage
Wagon,Vehicles and Automotive
Waiter,Profession
Waiting Room,Home and Indoors
Walk-In Closet,Home and Indoors
Walking,Actions
Walking Dog,Actions
Walkway,Transport and Logistics
Wall,Buildings and Architecture
Wall Clock,Home Appliances
Wallet,Apparel and Accessories
Walnut,Food and Beverage
Walrus,Animals and Pets
Wand,Hobbies and Interests
War,Weapons and Military
Wardrobe,Home and Indoors
Warehouse,Transport and Logistics
Warplane,Weapons and Military
Warrior Yoga Pose,Health and Fitness
Warthog,Animals and Pets
Washer,Home Appliances
Washing,Actions
Washing Hands,Actions
Washington Monument,Popular Landmarks
Wasp,Animals and Pets
Wat Phnom,Popular Landmarks
Water,Nature and Outdoors
Water Bottle,Food and Beverage
Water Gun,Toys and Gaming
Water Jug,Kitchen and Dining
Water Park,Travel and Adventure
Water Polo,Sports
Water Skiing,Travel and Adventure
Water Sports,Travel and Adventure
Water Tower,Buildings and Architecture
Watercraft,Vehicles and Automotive
Waterfall,Nature and Outdoors
Waterfowl,Animals and Pets
Waterfront,Nature and Outdoors
Watering Can,Everyday Objects
Watermelon,Food and Beverage
Wax Seal,Text and Documents
Weapon,Weapons and Military
Weasel,Animals and Pets
Weather,Nature and Outdoors
Weaving,Actions
Webcam,Technology and Computing
Webpage,Technology and Computing
Wedding,Events and Attractions
Wedding Cake,Events and Attractions
Wedding Gown,Apparel and Accessories
Wedding Proposal,Events and Attractions
Wedge,Tools and Machinery
Weed,Plants and Flowers
Welding,Tools and Machinery
Whale,Animals and Pets
Wheat,Food and Beverage
Wheel,Vehicles and Automotive
Wheelbarrow,Tools and Machinery
Wheelchair,Vehicles and Automotive
Whip,Tools and Machinery
Whipped Cream,Food and Beverage
Whisking,Kitchen and Dining
Whisky,Food and Beverage
Whistle,Everyday Objects
White,Colors and Visual Composition
White Board,Offices and Workspaces
White Cliffs of Dover,Popular Landmarks
White Dog,Animals and Pets
Wig,Apparel and Accessories
Wilderness,Nature and Outdoors
Wildlife,Animals and Pets
Willis Tower,Popular Landmarks
Willow,Plants and Flowers
Wind Turbine,Tools and Machinery
Windmill,Buildings and Architecture
Window,Home and Indoors
Window - Broken,Damage Detection
Window Display,Buildings and Architecture
Window Shade,Furniture and Furnishings
Windowsill,Home and Indoors
Windshield,Vehicles and Automotive
Windsor Castle,Popular Landmarks
Wine,Food and Beverage
Wine Bottle,Food and Beverage
Wine Cellar,Kitchen and Dining
Wine Glass,Food and Beverage
Wine Tour,Travel and Adventure
Winter,Nature and Outdoors
Wire,Tools and Machinery
Wiring,Tools and Machinery
Wolf,Animals and Pets
Woman,Person Description
Wood,Materials
Wood Panels,Home and Indoors
Wooden Spoon,Kitchen and Dining
Woodland,Nature and Outdoors
Woodpecker,Animals and Pets
Woodworking,Tools and Machinery
Wool,Materials
Worker,Profession
Working Out,Health and Fitness
Workshop,Tools and Machinery
Worm,Animals and Pets
Woven,Apparel and Accessories
Wreath,Nature and Outdoors
Wren,Animals and Pets
Wrench,Tools and Machinery
Wrestling,Sports
Wrist,Person Description
Wristwatch,Apparel and Accessories
Writing,Actions
X-Ray,Medical
Xylophone,Hobbies and Interests
Yacht,Vehicles and Automotive
Yak,Animals and Pets
Yard,Home and Indoors
Yarn,Materials
Yawning,Expressions and Emotions
Yellow,Colors and Visual Composition
Yellowstone National Park,Popular Landmarks
Yew,Plants and Flowers
Yoga,Health and Fitness
Yogurt,Food and Beverage
Zebra,Animals and Pets
Zebra Crossing,Vehicles and Automotive
Ziplining,Travel and Adventure
Zipper,Apparel and Accessories
Zoo,Travel and Adventure
Zucchini,Food and Beverage
Zwinger,Popular Landmarks
