"Aardvark": "Cerdo hormiguero",
"Abies": "Abies",
"Absinthe": "Ajenjo",
"Abyssinian": "abisinio",
"Acanthaceae": "acanthaceae",
"Accessories": "Accesorios",
"Accessory": "Accesorio",
"Accipiter": "accipiter",
"Accordion": "Acordeón",
"Acorn": "Bellota",
"Acrobatic": "Acrobático",
"Adapter": "Adaptador",
"Adventure": "Aventura",
"Advertisement": "Anuncio publicitario",
"Aerial View": "Vista aérea",
"Affenpinscher": "Affenpinscher",
"Afghan Hound": "sabueso afgano",
"African Grey Parrot": "Loro gris africano",
"Aftershave": "Aftershave",
"Agapanthus": "Agapanto",
"Agaric": "Agárico",
"Agate": "Ágata",
"Agavaceae": "agaváceas",
"Agelaius": "Agelayo",
"Agriculture": "Agricultura",
"Agropyron": "Agropiron",
"Air Conditioner": "Aire acondicionado",
"Aircraft": "Aeronave",
"Aircraft Carrier": "Portaaviones",
"Airedale": "Airedale",
"Airfield": "Aeródromo",
"Airliner": "Avión de línea",
"Airmail": "Correo aéreo",
"Airplane": "Avión",
"Airport": "Aeropuerto",
"Airport Terminal": "Terminal de aeropuerto",
"Airship": "Dirigible",
"Aisle": "Pasillo",
"Alarm Clock": "Despertador",
"Albatross": "Albatros",
"Alcohol": "Alcohol",
"Alcyonacea": "Alcionácea",
"Algae": "Algas",
"Alien": "Extraterrestre",
"Alley": "Callejón",
"Alleyway": "Callejón",
"Alligator": "Caimán",
"Allium": "alio",
"Alloy Wheel": "Rueda de aleación",
"Almond": "Almendra",
"Aloe": "Áloe",
"Alpaca": "Alpaca",
"Alphabet": "Alfabeto",
"Altar": "Altar",
"Aluminium": "Aluminio",
"Amanita": "Amanita",
"Amaranthaceae": "Amaranthaceae",
"Amaryllidaceae": "amarilidáceas",
"Amaryllis": "Amarilis",
"Ambulance": "Ambulancia",
"American Flag": "Bandera estadounidense",
"American Football": "fútbol americano",
"Amethyst": "Amatista",
"Ammunition": "Munición",
"Ampersand": "Y comercial",
"Amphibian": "Anfibio",
"Amphibious Vehicle": "Vehículo anfibio",
"Amphiprion": "anfiprión",
"Amphitheater": "Anfiteatro",
"Amphitheatre": "Anfiteatro",
"Amplifier": "Amplificador",
"Amusement Park": "Parque de atracciones",
"Anaconda": "Anaconda",
"Analog Clock": "Reloj analogo",
"Anchor": "Ancla",
"Andalusian Horse": "Caballo Andaluz",
"Andrena": "andreña",
"Anemone": "Anémona",
"Angel": "Ángel",
"Angelfish": "Angelote",
"Angler": "Pescador de caña",
"Angora": "Angora",
"Angus": "Angus",
"Anhinga": "Anhinga",
"Animal": "Animal",
"Anise": "Anís",
"Anisoptera": "anisópteros",
"Ankle": "Tobillo",
"Anklet": "Calcetín",
"Annonaceae": "Annonaceae",
"Anole": "Anolis",
"Anseriformes": "anseriformes",
"Ant": "Hormiga",
"Anteater": "Oso hormiguero",
"Antelope": "Antílope",
"Antenna": "Antena",
"Anther": "Antera",
"Anthracite": "Antracita",
"Anthurium": "Anturio",
"Anthus": "anthus",
"Antique Car": "coche antiguo",
"Antler": "Cuerno",
"Anvil": "Yunque",
"Apartment Building": "Edificio de apartamentos",
"Ape": "Mono",
"Aphid": "Áfido",
"Apiaceae": "apiáceas",
"Apiary": "Colmenar",
"Apidae": "ápidos",
"Apparel": "Vestir",
"Appenzeller": "appenzeller",
"Apple": "Manzana",
"Apple Pie": "Pie de manzana",
"Appliance": "Aparato",
"Applique": "Apliques",
"Apricot": "Albaricoque",
"Apron": "Delantal",
"Apse": "Ábside",
"Aqua Scuba": "Buceo acuático",
"Aquarium": "Acuario",
"Aquatic": "Acuático",
"Aquilegia": "Aquilegia",
"Araceae": "aráceas",
"Arachnid": "Arácnido",
"Arbour": "Cenador",
"Arcade Game Machine": "Máquina de juegos de arcade",
"Arch": "Arco",
"Arch Bridge": "Puente de arco",
"Archaeology": "Arqueología",
"Archangel": "Arcángel",
"Arched": "arqueado",
"Archer": "Arquero",
"Archery": "Tiro al arco",
"Architecture": "Arquitectura",
"Arctic Fox": "Zorro ártico",
"Ardeidae": "Ardeidas",
"Arecaceae": "arecáceas",
"Arena": "Arena",
"Arenaria": "Arenaría",
"Argiope": "Argiope",
"Arm": "Brazo",
"Armadillo": "Armadillo",
"Armchair": "Sillón",
"Armor": "Armadura",
"Armored": "Blindado",
"Armory": "Arsenal",
"Army": "Ejército",
"Arrow": "Flecha",
"Arrowhead": "Punta de flecha",
"Art": "Arte",
"Art Gallery": "Galería de arte",
"Artichoke": "Alcachofa",
"Arugula": "Rúcula",
"Ashtray": "Cenicero",
"Asilidae": "Asilidos",
"Asleep": "Dormido",
"Asparagus": "Espárragos",
"Asphalt": "Asfalto",
"Assembly Line": "Linea de ensamblaje",
"Aster": "Aster",
"Asteraceae": "asteráceas",
"Astragalus": "Astrágalo",
"Astronaut": "Astronauta",
"Astronomy": "Astronomía",
"Athlete": "Atleta",
"Atlas": "Atlas",
"Atm": "Cajero automático",
"Atoll": "Atolón",
"Attic": "Ático",
"Attorney": "Abogado",
"Atv": "Canal de televisión británico",
"Audience": "Audiencia",
"Audio Speaker": "Altavoz de sonido",
"Auditorium": "Sala",
"Aurora": "Aurora",
"Autograph": "Autógrafo",
"Automobile": "Automóvil",
"Avalanche": "avalancha",
"Avocado": "Palta",
"Awning": "Toldo",
"Axe": "Hacha",
"Axle": "Eje",
"Azure Sky": "cielo azul",
"Baboon": "Babuino",
"Baby": "Bebé",
"Back": "Atrás",
"Backpack": "Mochila",
"Backyard": "Patio interior",
"Bacon": "Tocino",
"Badge": "Distintivo",
"Badger": "Tejón",
"Badminton": "Bádminton",
"Bag": "Bolso",
"Bagel": "Rosquilla",
"Bagpipe": "Cornamusa",
"Bait": "Carnada",
"Bakery": "Panadería",
"Balance Beam": "barra de equilibrio",
"Balcony": "Balcón",
"Bald Eagle": "Águila calva",
"Ball": "Pelota",
"Ballerina": "Bailarina",
"Ballet": "Ballet",
"Balloon": "Globo",
"Ballplayer": "Jugador de pelota",
"Ballroom": "Salón de baile",
"Bamboo": "Bambú",
"Bamboo Shoot": "brote de bambú",
"Banana": "Banana",
"Banana Boat": "Barco de platano",
"Bandage": "Vendaje",
"Bandana": "Pañuelo",
"Bangles": "Brazaletes",
"Banister": "Barandilla",
"Banjo": "Banjo",
"Banner": "Bandera",
"Bar Counter": "Barra de bar",
"Bar Stool": "Taburete de bar",
"Barbed Wire": "Alambre de espino",
"Barbie": "Barbie",
"Barefoot": "Descalzo",
"Barge": "Barcaza",
"Barn": "Granero",
"Barrel": "Barril",
"Barricade": "Barricada",
"Barrow": "Carretilla",
"Bartender": "Barman",
"Baseball": "Béisbol",
"Baseball Bat": "Bate de béisbol",
"Baseball Cap": "Gorra de beisbol",
"Baseball Field": "Campo de béisbol",
"Baseball Glove": "Guante de béisbol",
"Basement": "Sótano",
"Basin": "Cuenca",
"Basket": "Cesta",
"Basketball": "Baloncesto",
"Basketball Court": "Cancha de baloncesto",
"Bass Guitar": "Bajo",
"Bat": "Murciélago",
"Bath Towel": "Toalla de baño",
"Bathing Cap": "Gorro de baño",
"Bathroom": "Baño",
"Bathtub": "Bañera",
"Batman": "hombre murciélago",
"Batman Logo": "Logotipo de Batman",
"Baton": "Batuta",
"Batting Helmet": "casco de bateo",
"Battleship": "Acorazado",
"Bay": "Bahía",
"Bazaar": "Bazar",
"Bbq": "Barbacoa",
"Beach": "Playa",
"Beach Wagon": "vagón de playa",
"Beacon": "Faro",
"Bead": "Talón",
"Bead Necklace": "Collar de cuentas",
"Beagle": "Beagle",
"Beak": "Pico",
"Bean": "Frijol",
"Bean Sprout": "Brotes de soja",
"Beanie": "gorro",
"Bear": "Soportar",
"Beard": "Barba",
"Beaver": "Castor",
"Bed": "Cama",
"Bedroom": "Dormitorio",
"Bee": "Abeja",
"Bee Eater": "Comedor de abejas",
"Beer": "Cerveza",
"Beer Bottle": "Botella de cerveza",
"Beer Glass": "Vaso de cerveza",
"Bell Pepper": "Pimiento morrón",
"Bell Tower": "Campanario",
"Belt": "Cinturón",
"Beluga Whale": "Ballena beluga",
"Bench": "Banco",
"Beverage": "Bebida",
"Bib": "Babero",
"Bicycle": "Bicicleta",
"Bike": "Bicicleta",
"Bikini": "Bikini",
"Billboard": "Cartelera",
"Billiard Room": "Sala de billar",
"Binoculars": "Prismáticos",
"Biplane": "Biplano",
"Birch": "Abedul",
"Bird": "Pájaro",
"Bird Feeder": "Comedero para pájaros",
"Bird Nest": "Nido de Pájaro",
"Birthday Cake": "Pastel de cumpleaños",
"Birthday Party": "Fiesta de cumpleaños",
"Biscuit": "Galleta",
"Bishop": "obispo",
"Bison": "Bisonte",
"Black Bear": "Oso negro",
"Black Cat": "Gato negro",
"Black Hair": "pelo negro",
"Black Swan": "Cisne negro",
"Black Widow": "Viuda negra",
"Blackbird": "Mirlo",
"Blackboard": "Pizarra",
"Blade": "Espada",
"Blanket": "Frazada",
"Blazer": "Chaqueta de sport",
"Blender": "Licuadora",
"Blimp": "Dirigible",
"Blizzard": "Tormenta de nieve",
"Blonde": "Rubio",
"Blossom": "Florecer",
"Blouse": "Blusa",
"Blow Dryer": "Secador de cabello",
"Blue Jay": "Arrendajo azul",
"Blueberry": "Arándano",
"Bluebird": "Azulejo",
"Bmx": "bmx",
"Boar": "Jabali",
"Boardwalk": "paseo marítimo",
"Boat": "Bote",
"Bobsled": "Bobsleigh",
"Bog": "Pantano",
"Boiling": "Hirviendo",
"Bomb": "Bomba",
"Bomber": "Bombardeo",
"Bonfire": "Hoguera",
"Bongo": "bongó",
"Bonito": "Bonito",
"Bonnet": "Capó",
"Bonsai": "Bonsái",
"Booby": "Bobo",
"Book": "Libro",
"Bookcase": "Librero",
"Bookstore": "Librería",
"Boot": "Bota",
"Boston Bull": "toro de boston",
"Bottle": "Botella",
"Boutique": "Boutique",
"Bow": "Inclinarse",
"Bow Tie": "Corbata de moño",
"Bowl": "Bol",
"Bowling": "Bolos",
"Bowling Ball": "Bola de boliche",
"Box": "Caja",
"Box Turtle": "tortuga de caja",
"Boxer": "Boxer",
"Boxing": "Boxeo",
"Boy": "Chico",
"Bra": "Sostén",
"Brace": "Abrazadera",
"Bracelet": "Pulsera",
"Bracket": "Soporte",
"Braid": "Trenza",
"Brain Coral": "coral cerebro",
"Brake": "Freno",
"Brass Section": "Sección de latón",
"Bread": "Pan de molde",
"Bread Loaf": "Hogaza de pan",
"Breakfast": "Desayuno",
"Brewery": "Cervecería",
"Brick": "Ladrillo",
"Bride": "Novia",
"Bridegroom": "Novio",
"Bridesmaid": "Dama de honor",
"Bridge": "Puente",
"Brie": "queso Brie",
"Briefcase": "Maletín",
"Broccoli": "Brócoli",
"Brochure": "Folleto",
"Bronze": "Bronce",
"Brooch": "Broche",
"Broom": "Escoba",
"Brown Bear": "Oso café",
"Brownie": "Duende",
"Brush": "Cepillo",
"Bubble": "Burbuja",
"Bucket": "Cubeta",
"Buckle": "Hebilla",
"Bud": "Brote",
"Buddha": "Buda",
"Buffalo": "Búfalo",
"Buffet": "Bufé",
"Buggy": "Calesa",
"Bugle": "Bugle",
"Building": "Edificio",
"Bull": "Toro",
"Bulldog": "Buldog",
"Bulldozer": "Excavadora",
"Bullet": "Bala",
"Bullet Train": "Tren bala",
"Bullfighter": "Torero",
"Bullfighting": "Toreo",
"Bullring": "Plaza de toros",
"Bumblebee": "Abejorro",
"Bumper": "Parachoque",
"Bun": "Bollo",
"Bungee": "cuerda elástica",
"Bunk Bed": "Litera",
"Bunker": "Búnker",
"Bunny": "Conejito",
"Burger": "Hamburguesa",
"Burner": "Quemador",
"Burrito": "burrito",
"Bus": "Autobús",
"Bus Stop": "Parada de autobús",
"Bush": "Arbusto",
"Business Card": "tarjeta de visita",
"Butcher Shop": "Carnicería",
"Butter": "Manteca",
"Butterfly": "Mariposa",
"Buzzard": "Zopilote",
"Cab": "Taxi",
"Cabbage": "Repollo",
"Cabin": "Cabina",
"Cabinet": "Gabinete",
"Cable": "Cable",
"Cable Car": "Teleférico",
"Cactus": "Cactus",
"Cafe": "Cafetería",
"Cafeteria": "Cafetería",
"Cake": "Torta",
"Calculator": "Calculadora",
"Calendar": "Calendario",
"Calf": "Becerro",
"Calligraphy": "Caligrafía",
"Camel": "Camello",
"Camera": "Cámara",
"Camera Lens": "Lente de la cámara",
"Camouflage": "Camuflaje",
"Camping": "Cámping",
"Campus": "Instalaciones",
"Can": "Pueden",
"Can Opener": "Abrelatas",
"Canal": "Canal",
"Canary": "Canario",
"Candle": "Vela",
"Candy": "Caramelo",
"Cane": "Caña",
"Canine": "Canino",
"Canned Goods": "Productos enlatados",
"Cannon": "Cañón",
"Canoe": "Canoa",
"Canopy": "Pabellón",
"Canvas": "Lienzo",
"Canyon": "Cañón",
"Cap": "Gorra",
"Cape": "capa",
"Capsule": "Cápsula",
"Captain": "Capitán",
"Car": "Coche",
"Car Dealership": "Concesionario de coches",
"Car Mirror": "Espejo de coche",
"Car Seat": "Asiento de coche",
"Car Show": "Exposición de autos",
"Car Trunk": "Cajuela",
"Car Wash": "Lavado de autos",
"Car Wheel": "Llanta de carro",
"Caramel": "Caramelo",
"Caravan": "Caravana",
"Cardboard": "Cartulina",
"Cardigan": "Cárdigan",
"Cardinal": "Cardenal",
"Cargo": "Carga",
"Carnation": "Clavel",
"Carnival": "Carnaval",
"Carousel": "Carrusel",
"Carp": "Carpa",
"Carpenter": "Carpintero",
"Carriage": "Carro",
"Carrot": "Zanahoria",
"Carton": "Caja de cartón",
"Cash Machine": "Cajero automático",
"Cassette": "Casete",
"Cassette Player": "reproductor de casete",
"Castle": "Castillo",
"Cat": "Gato",
"Cathedral": "Catedral",
"Cattle": "Vacas",
"Cauliflower": "Coliflor",
"Cave": "Cueva",
"Cd Player": "Reproductor de CD",
"Ceiling Fan": "Ventilador de techo",
"Ceiling Light": "Lámpara de techo",
"Cell Phone": "Teléfono móvil",
"Cello": "Violonchelo",
"Chain": "Cadena",
"Chain Mail": "Cota de malla",
"Chain Saw": "Sierra de cadena",
"Chair": "Silla",
"Chandelier": "Candelabro",
"Cheetah": "leopardo",
"Chef": "Cocinero",
"Cherry": "Cereza",
"Cherry Blossom": "flor de cerezo",
"Chess": "Ajedrez",
"Chicken": "Pollo",
"Chihuahua": "Chihuahua",
"Child": "Niño",
"Chime": "Repicar",
"China Cabinet": "Gabinete de China",
"Chinchilla": "Chinchilla",
"Chocolate": "Chocolate",
"Chow": "Perro chino",
"Christmas Stocking": "Calcetín navideño",
"Christmas Tree": "Árbol de Navidad",
"Church": "Iglesia",
"Cinema": "Cine",
"Circus": "Circo",
"Citrus Fruit": "Fruta cítrica",
"City": "Ciudad",
"Clam": "Almeja",
"Clamp": "Abrazadera",
"Clarinet": "Clarinete",
"Classroom": "Aula",
"Claw": "Garra",
"Cleaning": "Limpieza",
"Cliff": "Acantilado",
"Climbing": "Escalada",
"Clinic": "Clínica",
"Cloak": "Capa",
"Clock": "Reloj",
"Clock Tower": "Torre del Reloj",
"Clogs": "Zuecos",
"Closet": "Armario",
"Clothes Iron": "Plancha de ropa",
"Clothing": "Ropa",
"Cloud": "Nube",
"Clown": "Payaso",
"Club": "Club",
"Clutch Wheel": "Rueda de embrague",
"Coal": "Carbón",
"Coast": "Costa",
"Coast Guard": "guardacostas",
"Coaster": "Portavasos",
"Coat": "Abrigo",
"Coat Rack": "Perchero",
"Cobblestone": "Guijarro",
"Cobra": "Cobra",
"Coca": "Coca",
"Cock Bird": "gallo pájaro",
"Cockatoo": "Cacatúa",
"Cocker Spaniel": "Cocker",
"Cockpit": "Cabina",
"Cockroach": "Cucaracha",
"Cocktail": "Cóctel",
"Cocoa": "Cacao",
"Coconut": "Coco",
"Cod": "Bacalao",
"Coffee Cup": "Taza de café",
"Coffee Table": "Mesa de centro",
"Coho": "Coho",
"Coil": "Bobina",
"Coin": "Moneda",
"Coke": "Coca",
"Collage": "Collage",
"Collar": "Cuello",
"College": "Colega",
"Collie": "Collie",
"Colt Horse": "caballo potro",
"Column": "Columna",
"Comb": "Peine",
"Combination Lock": "Cerradura de combinación",
"Comet": "Cometa",
"Comics": "Historietas",
"Compass": "Brújula",
"Compass Math": "brújula matemáticas",
"Computer": "Ordenador",
"Computer Hardware": "Hardware de la computadora",
"Computer Keyboard": "Teclado",
"Concert": "Concierto",
"Conch": "Concha",
"Concrete": "Concreto",
"Condo": "condominio",
"Condor": "Cóndor",
"Cone": "Cono",
"Confectionery": "Confitería",
"Conference Room": "Sala de conferencias",
"Confetti": "Papel picado",
"Conga": "Congas",
"Conifer": "Conífera",
"Construction": "Construcción",
"Construction Crane": "Grúa de construcción",
"Contact Lens": "Lentes de contacto",
"Control Tower": "Torre de control",
"Convention Center": "centro de Convenciones",
"Convertible": "Convertible",
"Cooker": "Horno",
"Cookie": "Galleta",
"Cooking Batter": "masa para cocinar",
"Cooktop": "Estufa",
"Cooler": "Enfriador",
"Coral Reef": "Arrecife de coral",
"Cork": "corcho",
"Cormorant": "Cormorán",
"Corn": "Maíz",
"Cornbread": "pan de maíz",
"Corner": "Esquina",
"Cornet": "Cucurucho",
"Corridor": "Corredor",
"Corset": "Corsé",
"Cosmetics": "Productos cosméticos",
"Cosplay": "cosplay",
"Costume": "Traje",
"Cottage": "Cabaña",
"Cotton": "Algodón",
"Couch": "Sofá",
"Cougar": "Puma",
"Countryside": "Campo",
"Coupe": "cupé",
"Court": "Corte",
"Cove": "Ensenada",
"Cow": "Vaca",
"Cowbell": "Cencerro",
"Cowboy Boot": "Bota de vaquero",
"Cowboy Hat": "Sombrero de vaquero",
"Coyote": "Coyote",
"Cpu": "UPC",
"Crab": "Cangrejo",
"Cracker": "Galleta",
"Cradle": "Cuna",
"Crane Bird": "pájaro grulla",
"Crash Helmet": "Casco protector",
"Crate": "Caja",
"Crater": "Cráter",
"Crawdad": "cangrejo de río",
"Crawling": "gateando",
"Crayon": "Lápiz de color",
"Cream": "Crema",
"Credit Card": "Tarjeta de crédito",
"Creek": "Arroyo",
"Creme": "Crema",
"Crib": "Cuna",
"Cricket": "Grillo",
"Cricket Insect": "insecto grillo",
"Crocodile": "Cocodrilo",
"Crocus": "Azafrán",
"Croissant": "Cuerno",
"Croquet": "Juego de croquet",
"Cross": "Equis",
"Cross Country": "A campo traviesa",
"Crossword Puzzle": "Crucigrama",
"Crow": "Cuervo",
"Crowd": "Multitud",
"Crown": "Corona",
"Crucifix": "Crucifijo",
"Cruise Ship": "Crucero",
"Cruiser": "Crucero",
"Crypt": "Cripta",
"Crystal": "Cristal",
"Ct Scan": "tomografía computarizada",
"Cucumber": "Pepino",
"Cuff": "Brazalete",
"Culinary": "Culinario",
"Cumulus": "Cúmulo",
"Cup": "Taza",
"Cupboard": "Alacena",
"Cupcake": "Magdalena",
"Cupid": "Cupido",
"Curling": "Curling",
"Curry": "Curry",
"Curtain": "Cortina",
"Cushion": "Almohadón",
"Custard": "Flan",
"Cutlery": "Cuchillería",
"Cyclist": "Ciclista",
"Cylinder": "Cilindro",
"Daffodil": "Narciso",
"Dagger": "Daga",
"Dahlia": "Dalia",
"Dairy": "Lácteos",
"Dairy Cow": "Vaca lechera",
"Daisies": "Margaritas",
"Daisy": "Margarita",
"Dalmatian": "dálmata",
"Dam": "Presa",
"Dance": "Baile",
"Dance Pose": "Postura de baile",
"Dandelion": "Diente de león",
"Darts": "Dardos",
"Dating": "Tener una cita",
"Dawn": "Amanecer",
"Debate": "Debate",
"Deck": "Plataforma",
"Deer": "Ciervo",
"Deli": "fiambres",
"Demolition": "Demolición",
"Den": "Guarida",
"Denim": "Mezclilla",
"Dentist": "Dentista",
"Deodorant": "Desodorante",
"Desert": "Desierto",
"Desk": "Escritorio",
"Desktop": "Escritorio",
"Dessert": "Postre",
"Destroyer": "Destructor",
"Device": "Dispositivo",
"Diagram": "Diagrama",
"Dial Telephone": "marcar telefono",
"Diamond": "Diamante",
"Diaper": "Pañal",
"Diary": "Diario",
"Dice": "Dado",
"Digital Camera": "Cámara digital",
"Digital Clock": "Reloj digital",
"Digital Watch": "Reloj digital",
"Dill": "Eneldo",
"Dime": "Diez centavos",
"Dimples": "hoyuelos",
"Diner": "Cena",
"Dinghy": "Bote",
"Dining Room": "Comedor",
"Dining Table": "Comedor",
"Dinner": "Cena",
"Dinosaur": "Dinosaurio",
"Dip": "Salsa",
"Diploma": "Diploma",
"Dirt Road": "Camino de tierra",
"Disco": "Disco",
"Dish": "Plato",
"Dishwasher": "Lavaplatos",
"Disk": "Disco",
"Display": "Mostrar",
"Ditch": "Abandone",
"Diver": "Buzo",
"Diving": "Buceo",
"Diwali": "Día de la Independencia",
"Dj": "DJ",
"Dock": "Muelle",
"Doctor": "Doctor",
"Document": "Documento",
"Dodo": "Vejestorio",
"Dog": "Perro",
"Dog House": "Casa de perro",
"Dogsled": "Trineo de perros",
"Doll": "Muñeca",
"Dollar": "Dólar",
"Dolphin": "Delfín",
"Dome": "Hazme",
"Domino": "dominó",
"Donkey": "Burro",
"Donut": "Rosquilla",
"Doodle": "Garabatear",
"Door": "Puerta",
"Doormat": "Felpudo",
"Dorm Room": "Dormitorio",
"Double Decker Bus": "Autobús de dos pisos",
"Double Sink": "Fregadero doble",
"Dough": "Masa",
"Dove": "Paloma",
"Downtown": "Centro",
"Dragon": "Continuar",
"Dragonfly": "Libélula",
"Drain": "Fuga",
"Drawbridge": "Puente levadizo",
"Drawer": "Cajón",
"Drawing": "Dibujo",
"Dredger": "Draga",
"Dress": "Vestir",
"Dress Shirt": "Camisa de vestir",
"Dresser": "Vestidor",
"Dressing Room": "Vestidor",
"Driftwood": "Madera flotante",
"Drink": "Beber",
"Drinking": "Bebiendo",
"Drinking Fountain": "fuente de agua potable",
"Drive Shaft": "Eje de accionamiento",
"Driving": "Conduciendo",
"Driving License": "Licencia de conducir",
"Droplet": "Gotita",
"Drum": "Tambor",
"Drummer": "Batería",
"Dryer": "Secadora",
"Drying Rack": "Tendedero",
"Duck": "Pato",
"Duel": "Duelo",
"Duet": "Dueto",
"Dugout": "Refugio subterráneo",
"Dumpling": "Bola de masa hervida",
"Dune": "Duna",
"Dung Beetle": "Escarabajo pelotero",
"Dungeon": "Calabozo",
"Durian": "durián",
"Dusk": "Oscuridad",
"Dutch Oven": "Horno holandés",
"Dvd": "DVD",
"Dye": "Teñir",
"Dynamite": "Dinamita",
"Eagle": "Águila",
"Ear": "Oído",
"Earring": "Arete",
"Earth": "Tierra",
"Earthquake": "Terremoto",
"Easter Egg": "Huevo de Pascua",
"Eating": "Comiendo",
"Eclipse": "Eclipse",
"Eel": "Anguila",
"Egg": "Huevo",
"Eggplant": "Berenjena",
"Egret": "Garceta",
"Egyptian Cat": "gato egipcio",
"Electric Fan": "Ventilador eléctrico",
"Electric Guitar": "Guitarra electrica",
"Electric Transmission Tower": "Torre de transmisión eléctrica",
"Electrical Device": "Dispositivo eléctrico",
"Electrical Outlet": "Toma de corriente",
"Electronic Chip": "Chip electrónico",
"Electronics": "Electrónica",
"Elephant": "Elefante",
"Elevator": "Ascensor",
"Elf": "Duende",
"Elk": "Alce",
"Emblem": "Emblema",
"Embroidery": "Bordado",
"Emerald": "Esmeralda",
"Emu": "Emú",
"Engine": "Motor",
"Entertainment Center": "Centro de entretenimiento",
"Envelope": "Sobre",
"Equestrian": "Ecuestre",
"Eruption": "Erupción",
"Eskimo Dog": "perro esquimal",
"Espresso": "Café exprés",
"Euphonium": "bombardino",
"Evening Dress": "Vestido de noche",
"Executive": "Ejecutivo",
"Exercise": "Ejercicio",
"Face": "Rostro",
"Face Makeup": "Maquillaje Facial",
"Factory": "Fábrica",
"Family": "Familia",
"Farm": "Granja",
"Farm Plow": "arado de granja",
"Fashion": "Moda",
"Feather Boa": "Boa de plumas",
"Female": "Femenino",
"Fence": "Cerca",
"Fencing": "Esgrima",
"Fern": "Helecho",
"Ferret": "Hurón",
"Ferris Wheel": "rueda de la fortuna",
"Ferry": "Transportar",
"Festival": "Festival",
"Fiddle": "Violín",
"Field": "Campo",
"Fig": "Higo",
"Figurine": "Figurilla",
"File": "Archivo",
"File Binder": "Carpeta de archivos",
"File Folder": "Carpeta de archivos",
"Finch": "Pinzón",
"Finger": "Dedo",
"Fir": "Abeto",
"Fire": "Fuego",
"Fire Department": "Cuerpo de Bomberos",
"Fire Hydrant": "Boca de incendio",
"Fire Screen": "Pantalla de fuego",
"Fire Truck": "Camión de bomberos",
"Firefly": "Luciérnaga",
"Fireman": "Bombero",
"Fireplace": "Chimenea",
"Fireworks": "Fuegos artificiales",
"First Aid": "Primeros auxilios",
"Fish": "Pescado",
"Fisheye": "ojo de pez",
"Fishing": "Pescar",
"Fishing Lure": "señuelo de pesca",
"Fist": "Puño",
"Fitness": "Aptitud física",
"Flag": "Bandera",
"Flagstone": "Losa",
"Flame": "Fuego",
"Flamenco": "Flamenco",
"Flamingo": "Flamenco",
"Flare": "Llamarada",
"Flashlight": "Linterna",
"Flax": "Linaza",
"Flea": "Pulga",
"Fleece": "Lana",
"Flicker Bird": "pájaro parpadeante",
"Flight": "Vuelo",
"Flip-Flop": "Chanclas",
"Flock": "Rebaño",
"Flood": "Inundación",
"Floor": "Piso",
"Floor Plan": "Planta baja",
"Flooring": "Piso",
"Floral Design": "Diseño floral",
"Flounder": "Platija",
"Flour": "Harina",
"Flower": "Flor",
"Flower Arrangement": "Arreglo floral",
"Flower Bouquet": "Ramo de flores",
"Flugelhorn": "Fliscorno",
"Flute": "Flauta",
"Fly": "Mosca",
"Flyer": "Volantes",
"Flying": "Volador",
"Foal": "Potro",
"Foam": "Espuma",
"Fog": "Niebla",
"Foil": "Frustrar",
"Folding Door": "Puerta plegable",
"Fondue": "Fondue",
"Food": "Alimento",
"Food Court": "Zona de comidas",
"Football": "Fútbol americano",
"Football Field": "Campo de fútbol",
"Football Helmet": "Casco de fútbol",
"Footprint": "Huella",
"Footwear": "Calzado",
"Forest": "Bosque",
"Forest Fire": "Incendio forestal",
"Forge": "Fragua",
"Fork": "Tenedor",
"Formula One": "Formula Uno",
"Fort": "Fuerte",
"Fossil": "Fósil",
"Fountain": "Fuente",
"Fountain Pen": "Pluma fuente",
"Fowl": "Ave",
"Fox": "Zorro",
"Foxglove": "Dedalera",
"Fractal": "fractales",
"Freckle": "Peca",
"Freeway": "autopista",
"Freight Car": "vagón de carga",
"Freighter": "Cargador",
"French Bulldog": "Bulldog francés",
"French Door": "Puerta francés",
"French Horn": "Cuerno francés",
"French Loaf": "Pan francés",
"French Toast": "Tostada francesa",
"Fried Chicken": "Pollo frito",
"Fries": "papas fritas",
"Frisbee": "disco volador",
"Frog": "Rana",
"Frost": "escarcha",
"Frown": "Fruncir el ceño",
"Fruit": "Fruta",
"Frying Pan": "Sartén",
"Fudge": "Dulce de azúcar",
"Full Moon": "Luna llena",
"Funeral": "Funeral",
"Fungus": "Hongo",
"Fur": "Piel",
"Furniture": "Muebles",
"Fuse": "Fusible",
"Gambling": "Juego",
"Game": "Juego",
"Garage": "Garaje",
"Garden": "Jardín",
"Garden Spider": "Araña de jardín",
"Garden Umbrella": "Sombrilla de jardín",
"Gardener": "Jardinero",
"Gardening": "Jardinería",
"Gargoyle": "Gárgola",
"Garlic": "Ajo",
"Gas Pump": "Bomba de gas",
"Gas Station": "Gasolinera",
"Gas Stove": "Estufa de gas",
"Gate": "Puerta",
"Gauge": "Medir",
"Gazebo": "Kiosko",
"Gazelle": "Gacela",
"Gear": "Engranaje",
"Gearshift": "Palanca de cambios",
"Gecko": "Geco",
"Gemstone": "Piedra preciosa",
"Generator": "Generador",
"Geranium": "Geranio",
"German Shepherd": "Pastor alemán",
"Geyser": "Géiser",
"Giant Panda": "Panda gigante",
"Gift": "Regalo",
"Gin": "Ginebra",
"Ginger": "Jengibre",
"Gingerbread": "Pan de jengibre",
"Giraffe": "Jirafa",
"Girl": "Muchacha",
"Glacier": "glaciar",
"Gladiolus": "Gladiolo",
"Glass": "Copa",
"Glasses": "Vasos",
"Glider": "Planeador",
"Gliding": "vuelo sin motor",
"Glitter": "Brillantina",
"Globe": "Globo",
"Glockenspiel": "Glockenspiel",
"Glove": "Guante",
"Goat": "Cabra",
"Goblet": "Copa",
"Goggles": "Gafas de protección",
"Gold": "Oro",
"Gold Medal": "Medalla de oro",
"Golden Retriever": "perro perdiguero de oro",
"Goldfish": "Pez de colores",
"Golf": "Golf",
"Golf Ball": "Pelota de golf",
"Golf Cart": "Carro de golf",
"Golf Club": "Club de Golf",
"Golf Course": "Campo de golf",
"Gondola": "Góndola",
"Gong": "Gong",
"Goose": "Ganso",
"Gorilla": "Gorila",
"Gourd": "Calabaza",
"Gown": "Vestido",
"GPS": "GPS",
"Graduation": "Graduación",
"Graffiti": "Pintada",
"Grain": "Grano",
"Grand Piano": "Piano de cola",
"Granite": "Granito",
"Grapefruit": "Toronja",
"Grapes": "Uvas",
"Graphics": "Gráficos",
"Grass": "Césped",
"Grasshoper": "saltamontes",
"Grasshopper": "Saltamontes",
"Grassland": "Pradera",
"Gravel": "Grava",
"Gravy": "Salsa",
"Gray": "Gris",
"Grazing": "Pasto",
"Great Dane": "Gran Danés",
"Great White Shark": "Gran tiburón blanco",
"Green": "Verde",
"Green Bean": "Judías verdes",
"Green Lizard": "Lagartija verde",
"Green Snake": "Serpiente verde",
"Green Tea": "Té verde",
"Greenhouse": "Invernadero",
"Greeting Card": "Tarjeta de felicitación",
"Grenade": "Granada",
"Grey Fox": "Zorro gris",
"Grille": "Reja",
"Grocery Store": "Tienda de comestibles",
"Ground": "Tierra",
"Grouse": "Queja",
"Grove": "Arboleda",
"Guard": "Guardia",
"Guard Rail": "Barandilla",
"Guitar": "Guitarra",
"Guitarist": "Guitarrista",
"Gum": "Goma",
"Gun": "Pistola",
"Gutter": "Canal",
"Gym": "Gimnasia",
"Gymnast": "Gimnasta",
"Gymnastics": "Gimnasia",
"Hacienda": "hacienda",
"Hacksaw": "Sierra",
"Hail": "Granizo",
"Hair": "Pelo",
"Hair Drier": "Secadora de pelo",
"Hair Slide": "Diapositiva de pelo",
"Haircut": "Corte de pelo",
"Hairdresser": "Peluquero",
"Half Track": "Media pista",
"Halibut": "Hipogloso",
"Hall": "Sala",
"Halloween": "Víspera de Todos los Santos",
"Halter": "Cabestro",
"Ham": "jamón",
"Hammer": "Martillo",
"Hammock": "Hamaca",
"Hamster": "Hámster",
"Hand": "Mano",
"Hand-Held Computer": "Computadora de mano",
"Handbag": "Bolso",
"Handball": "Balonmano",
"Handgun": "Pistola",
"Handle": "Resolver",
"Handrail": "Pretil",
"Handsaw": "Sierra de mano",
"Handshake": "Apretón de manos",
"Handwriting": "Escritura",
"Hangar": "Hangar",
"Hanger": "Percha",
"Harbor": "Puerto",
"Hard Disk": "Disco duro",
"Hardhat": "Casco de seguridad",
"Hardware": "Hardware",
"Hardwood": "Madera dura",
"Hare": "liebre",
"Harmonica": "Harmónica",
"Harness": "Aprovechar",
"Harp": "Arpa",
"Harvest": "Cosecha",
"Hat": "Sombrero",
"Hawk": "Halcón",
"Hay": "Heno",
"Head": "Cabeza",
"Head Cabbage": "repollo",
"Headband": "Venda",
"Headlight": "Faro",
"Headphones": "Auriculares",
"Headrest": "Reposacabezas",
"Headset": "Auriculares",
"Heart": "Corazón",
"Hearth": "Hogar",
"Heater": "Calentador",
"Hedge": "Cobertura",
"Hedgehog": "Erizo",
"Heel": "Tacón",
"Helicopter": "Helicóptero",
"Helmet": "Casco",
"Hemp": "Cáñamo",
"Hen": "Gallina",
"Henna": "Alheña",
"Herbal": "Herbario",
"Herbs": "Hierbas",
"Herd": "Rebaño",
"Heron": "Garza",
"Herring": "arenque",
"Hibiscus": "Hibisco",
"High Heel": "Tacón alto",
"High Jump": "Salto alto",
"High Rise": "Alto",
"Highway": "Carretera",
"Hiking": "Senderismo",
"Hill": "Colina",
"Hip": "Cadera",
"Hippie": "Hippy",
"Hippo": "Hipopótamo",
"Hockey": "Hockey",
"Hoe": "Azada",
"Hog": "Cerdo",
"Holding Hands": "Tomados de la mano",
"Hole": "Agujero",
"Home Decor": "Decoración del hogar",
"Home Theater": "Cine en casa",
"Honey": "Miel",
"Honey Bee": "miel de abeja",
"Honeycomb": "Panal",
"Hood": "Capucha",
"Hoodie": "Sudadera",
"Hook": "Gancho",
"Hoop": "Aro",
"Horizon": "Horizonte",
"Horn": "Cuerno",
"Hornet": "Avispón",
"Horse": "Caballo",
"Horse Cart": "Carro de caballos",
"Horseshoe": "Herradura",
"Hose": "Manguera",
"Hospital": "Hospital",
"Hostel": "Hostal",
"Hot Air Balloon": "Globo aerostático",
"Hot Chocolate": "Chocolate caliente",
"Hot Dog": "Hot dog",
"Hot Pot": "olla caliente",
"Hot Rod": "coche de carreras",
"Hot Tub": "Bañera de hidromasaje",
"Hotel": "Hotel",
"Hound": "Sabueso",
"Hourglass": "Reloj de arena",
"House": "Casa",
"Housing": "Alojamiento",
"Hovercraft": "Aerodeslizador",
"Hub": "Centro",
"Hubcap": "tapacubos",
"Huddle": "Grupo",
"Hug": "Abrazo",
"Hula": "Hula",
"Human": "Humano",
"Hummingbird": "Colibrí",
"Hunting": "Caza",
"Hurdle": "Obstáculo",
"Hurricane": "Huracán",
"Husky": "Fornido",
"Hut": "Cabaña",
"Hydrant": "Boca de aguas",
"Hydrofoil": "Hidroala",
"Hyena": "Hiena",
"Ice": "Hielo",
"Ice Cream": "Helado",
"Ice Hockey": "Hockey sobre hielo",
"Ice Pop": "Estallido del hielo",
"Ice Skating": "Patinaje sobre hielo",
"Iceberg": "Iceberg",
"Icebreaker": "Hielo",
"Icicle": "Carámbano",
"Icing": "Formación de hielo",
"Id Cards": "Tarjetas de identificación",
"Igloo": "Iglú",
"Iguana": "Iguana",
"Ikebana": "Ikebana",
"Impala": "Impala",
"Incense": "Incienso",
"Indoor Play Area": "Área de juegos interior",
"Indoors": "Adentro",
"Inflatable": "inflable",
"Injection": "Inyección",
"Injury": "Lesión",
"Ink Bottle": "Botella de tinta",
"Inn": "Posada",
"Insect": "Insecto",
"Interior Design": "Diseño de interiores",
"Intersection": "Intersección",
"Interview": "Entrevista",
"Invertebrate": "Invertebrado",
"Iphone": "Iphone",
"Ipod": "iPod",
"iPod Shuffle": "iPod shuffle",
"Iris": "Iris",
"Iron": "Hierro",
"Island": "Isla",
"Ivory": "Marfil",
"Ivy": "Hiedra",
"Jacket": "Chaqueta",
"Jackfruit": "jaca",
"Jacuzzi": "Jacuzzi",
"Jade": "Jade",
"Jaguar": "Jaguar",
"Jaguar Car": "coche jaguar",
"Jam": "Mermelada",
"Jar": "Frasco",
"Jaw": "Mandíbula",
"Jay": "Arrendajo",
"Jeans": "Vaqueros",
"Jeep": "todoterreno",
"Jelly": "Gelatina",
"Jellyfish": "Medusa",
"Jersey": "Jersey",
"Jet": "Chorro",
"Jet Ski": "Moto acuática",
"Jewelry": "Joyas",
"Jewelry Store": "Joyería",
"Jigsaw Puzzle": "Rompecabezas",
"Jogging": "Trotar",
"Joystick": "Palanca de mando",
"Judge": "Juez",
"Judo": "Judo",
"Jug": "Jarra",
"Juggling": "malabares",
"Juice": "Jugo",
"Jungle": "Selva",
"Jury": "Jurado",
"Kale": "col rizada",
"Kangaroo": "Canguro",
"Karaoke": "karaoke",
"Karate": "Kárate",
"Kart": "Kart",
"Kayak": "Kayac",
"Keg": "Barrilete",
"Kennel": "Perrera",
"Ketchup": "Salsa de tomate",
"Kettle": "Tetera",
"Kettledrum": "timbal",
"Key": "Llave",
"Keyboard": "Teclado",
"Khaki": "Caqui",
"Kicking": "patadas",
"Kid": "Niño",
"Killer Whale": "Orca",
"Kilt": "Falda escocesa",
"Kimono": "Kimono",
"Kindergarten": "Jardín de infancia",
"King Crab": "Cangrejo real",
"King Penguin": "Pingüino real",
"King Snake": "Rey Serpiente",
"Kiosk": "Quiosco",
"Kiss": "Beso",
"Kissing": "besando",
"Kit Fox": "kit zorro",
"Kitchen": "Cocina",
"Kitchen Island": "Isla de cocina",
"Kite": "Cometa",
"Kite Bird": "pájaro cometa",
"Kitten": "Gatito",
"Kiwi": "kiwi",
"Kiwi Bird": "Pájaro del kiwi",
"Knee": "Rodilla",
"Kneeling": "arrodillado",
"Knife": "Cuchillo",
"Knight": "Caballero",
"Knitting": "Tejido de punto",
"Knot": "Nudo",
"Koala": "Coala",
"Kohlrabi": "Colinabo",
"Koi": "carpas kois",
"Lab": "Laboratorio",
"Lab Coat": "Bata de laboratorio",
"Label": "Etiqueta",
"Labrador Retriever": "Labrador retriever",
"Labyrinth": "Laberinto",
"Lace": "Cordón",
"Lady": "Señora",
"Lager": "cerveza dorada",
"Lagoon": "Laguna",
"Lake": "Lago",
"Lamp": "Lámpara",
"Lamp Post": "Poste de luz",
"Lampshade": "Pantalla de lámpara",
"Land": "Tierra",
"Landing": "Aterrizaje",
"Landscape": "Paisaje",
"Landslide": "Deslizamiento de tierra",
"Lantern": "Linterna",
"Laptop": "Ordenador portátil",
"Larch": "Alerce",
"Lasagna": "Lasaña",
"Laser": "Láser",
"Latex Clothing": "Ropa de látex",
"Lathe": "Torno",
"Latte": "Latté",
"Laughing": "Risa",
"Launch": "Lanzar",
"Laundry": "Lavadero",
"Lava": "Lava",
"Lavender": "Lavanda",
"Lawn": "Césped",
"Lawn Mower": "Cortacésped",
"LCD Screen": "Pantalla LCD",
"Leaf": "Lámina",
"Leash": "Correa",
"Leather Jacket": "Chaqueta de cuero",
"Lecture": "Conferencia",
"LED": "DIRIGIÓ",
"Leek": "Puerro",
"Lei": "ley",
"Leisure Activities": "Actividades de ocio",
"Lemon": "Limón",
"Lemonade": "Limonada",
"Lemur": "Lémur",
"Lens Cap": "Tapa de la lente",
"Lentil": "Lenteja",
"Leopard": "Leopardo",
"Lesser Panda": "Panda menor",
"Letter": "Carta",
"Letter Opener": "Abrecartas",
"Letterbox": "Buzón",
"Lettuce": "Lechuga",
"Library": "Biblioteca",
"License": "Licencia",
"License Plate": "Placa",
"Life Buoy": "boya de vida",
"Lifejacket": "Chaleco salvavidas",
"Light": "Luz",
"Light Fixture": "Lámpara",
"Lightbulb": "Bombilla",
"Lighter": "Encendedor",
"Lighthouse": "Faro",
"Lighting": "Encendiendo",
"Lightning": "Relámpago",
"Lilac": "Lila",
"Lily": "Lirio",
"Lime": "Lima",
"Limestone": "Caliza",
"Limo": "limusina",
"Linen": "Lino",
"Lingerie": "Lencería",
"Lion": "León",
"Lip": "Labio",
"Lipstick": "Lápiz labial",
"Liquor": "Espíritu",
"Living Room": "Sala",
"Lizard": "Lagartija",
"Llama": "Llama",
"Lobby": "Vestíbulo",
"Lobster": "Langosta",
"Lock": "Cerrar con llave",
"Locker": "Armario",
"Locket": "Medallón",
"Locomotive": "Locomotora",
"Loft": "Desván",
"Log Cabin": "Cuarto de troncos",
"Logo": "Logo",
"Lollipop": "Chupete",
"Long Jump": "Salto largo",
"Long Sleeve": "Manga larga",
"Longhorn": "Longhorn",
"Lotion": "Loción",
"Luggage": "Equipaje",
"Lumber": "Tablas de madera",
"Lunar Eclipse": "Eclipse lunar",
"Lunch": "Almuerzo",
"Lupin": "Lupino",
"Lute": "Laúd",
"Lynx": "Lince",
"Lyre": "Lira",
"Macaroni": "Macarrones",
"Macaw": "Guacamayo",
"Machine": "Máquina",
"Machine Gun": "Ametralladora",
"Magazine": "Revista",
"Magician": "Mago",
"Magnifying": "Aumentador",
"Magpie": "Urraca",
"Mail": "Correo",
"Mailbox": "Buzón",
"Make Out": "Dar a entender",
"Mallard": "Pato real",
"Mallet": "Mazo",
"Mammal": "Mamífero",
"Man": "Hombre",
"Manatee": "Manatí",
"Mandolin": "Mandolina",
"Manga": "Manga",
"Mango": "Mango",
"Manhole": "Agujero de hombre",
"Manicure": "Manicura",
"Mannequin": "Maniquí",
"Mansion": "Mansión",
"Manta Ray": "Manta raya",
"Mantis": "Mantis",
"Manufacturing": "Fabricación",
"Manx": "de la isla de Man",
"Map": "Mapa",
"Maple": "Arce",
"Maple Leaf": "hoja de arce",
"Maraca": "Maraca",
"Marathon": "Maratón",
"Marble": "Mármol",
"Marching": "De marcha",
"Mardi Gras": "Mardi Gras",
"Marina": "Puerto pequeño",
"Marker": "Marcador",
"Market": "Mercado",
"Maroon": "Granate",
"Marsh": "Pantano",
"Martial Arts": "Artes marciales",
"Martini": "martini",
"Mascara": "Máscara",
"Mascot": "Mascota",
"Mashed Potato": "Puré de patatas",
"Mask": "Máscara",
"Massage": "Masaje",
"Mat": "Estera",
"Mattock": "Azadón",
"Mattress": "Colchón",
"Mayonnaise": "Mayonesa",
"Maze": "Laberinto",
"Meadow": "Prado",
"Meal": "Comida",
"Measurements": "Mediciones",
"Measuring Cup": "taza medidora",
"Meat Loaf": "Pastel de carne",
"Meatball": "Albóndiga",
"Mecca": "la meca",
"Medical Imaging X-Ray Film": "Película de rayos X para imágenes médicas",
"Medication": "Medicamento",
"Medicine Chest": "Botiquin",
"Meerkat": "suricata",
"Meeting Room": "Sala de Reuniones",
"Melon": "Melón",
"Menu": "Menú",
"Mesa": "Colina baja",
"Metropolis": "Metrópoli",
"Microphone": "Micrófono",
"Microscope": "Microscopio",
"Microwave": "Microondas",
"Military": "Militar",
"Military Uniform": "Uniforme militar",
"Milk": "Leche",
"Milk Can": "La leche puede",
"Milkshake": "Batido",
"Milky Way": "vía Láctea",
"Mime": "Mímica",
"Mimosa": "Mimosa",
"Mineral": "Mineral",
"Mineral Water": "Agua mineral",
"Mini Golf": "Mini golf",
"Minibus": "Microbús",
"Mining": "Minería",
"Miniskirt": "Mini falda",
"Mint": "menta",
"Mirror": "Espejo",
"Missile": "Misil",
"Mist": "Neblina",
"Mixer": "Mezclador",
"Mixing Bowl": "tazón para mezclar",
"Moat": "Foso",
"Mobile Home": "Casa móvil",
"Mobile Phone": "Teléfono móvil",
"Model T": "Modelo T",
"Modem": "Módem",
"Modern Art": "Arte Moderno",
"Mojito": "Mojitos",
"Mold": "Molde",
"Mole": "Topo",
"Monarch": "Monarca",
"Monastery": "Monasterio",
"Money": "Dinero",
"Monitor": "Monitor",
"Monk": "Monje",
"Monkey": "Mono",
"Monorail": "Monocarril",
"Monument": "Monumento",
"Moon": "Luna",
"Moose": "Alce",
"Moped": "Ciclomotor",
"Mortar": "Mortero",
"Mosaic": "Mosaico",
"Mosque": "Mezquita",
"Mosquito": "Mosquito",
"Mosquito Net": "Mosquitero",
"Moss": "Musgo",
"Motel": "Motel",
"Moth": "Polilla",
"Motocross": "motocrós",
"Motor": "Motor",
"Motor Scooter": "Motor de scooter",
"Motorcycle": "Motocicleta",
"Mound": "Montículo",
"Mountain": "Montaña",
"Mountain Bike": "Bicicleta de montaña",
"Mountain Goat": "Cabra de montaña",
"Mountain Range": "Cordillera",
"Mountain Tent": "Tienda de montaña",
"Mouse": "Ratón",
"Mousepad": "Alfombrilla de ratón",
"Mouth": "Boca",
"Moving Van": "Van en movimiento",
"Mud": "Lodo",
"Muffin": "Mollete",
"Mullet Fish": "pescado salmonete",
"Mural": "Mural",
"Museum": "Museo",
"Mushroom": "Champiñón",
"Music Band": "Grupo de música",
"Musical Instrument": "Instrumento musical",
"Musician": "Músico",
"Mustache": "Bigote",
"Mustang": "Mustango",
"Mustard": "Mostaza",
"Nachos": "nachos",
"Nail": "Clavo",
"Napkin": "Servilleta",
"Nature": "Naturaleza",
"Navel": "Ombligo",
"Navy": "Armada",
"Nebula": "Nebulosa",
"Neck": "Cuello",
"Necklace": "Collar",
"Necktie": "Corbata",
"Neighborhood": "Vecindario",
"Neon": "Neón",
"Nest": "Nido",
"Network": "Red",
"Newborn": "Recién nacido",
"Newfoundland": "Terranova",
"Newspaper": "Periódico",
"Newsstand": "Puesto de periódicos",
"Nickel": "Níquel",
"Night": "Noche",
"Night Club": "Club nocturno",
"Night Life": "La vida nocturna",
"Ninja": "ninja",
"Noodle": "Fideos",
"Novel": "Novedoso",
"Nuclear": "Nuclear",
"Nuggets": "pepitas",
"Number": "Número",
"Nurse": "Enfermero",
"Nursery": "Guardería",
"Nut": "Tuerca",
"Nutcracker": "Cascanueces",
"Oak": "Roble",
"Oars": "remos",
"Oatmeal": "Avena",
"Obelisk": "Obelisco",
"Oboe": "Oboe",
"Observatory": "Observatorio",
"Ocean": "Océano",
"Ocelot": "Ocelote",
"Octopus": "Pulpo",
"Office": "Oficina",
"Office Building": "Edificio de oficinas",
"Officer": "Oficial",
"Offroad": "Fuera del camino",
"Oil Spill": "Derrame de petróleo",
"Oilfield": "Yacimiento petrolífero",
"Okra": "Okra",
"Onion": "Cebolla",
"Opal": "Ópalo",
"Opera House": "teatro de la Ópera",
"Operating Theatre": "Quirófano",
"Orange": "Naranja",
"Orange Juice": "Zumo de naranja",
"Orangutan": "Orangután",
"Orca": "orca",
"Orchestra": "Orquesta",
"Orchestra Pit": "Foso de orquesta",
"Orchid": "Orquídea",
"Origami": "Origami",
"Ornament": "Ornamento",
"Oscilloscope": "Osciloscopio",
"Ostrich": "Avestruz",
"Otter": "Nutria",
"Ottoman": "otomano",
"Outdoor Play Area": "Área de juegos al aire libre",
"Outdoors": "Al aire libre",
"Outer Space": "Espacio exterior",
"Outhouse": "Anexo",
"Outrigger": "Balancín",
"Oval": "Oval",
"Oven": "Horno",
"Overcoat": "Sobretodo",
"Overpass": "Paso superior",
"Owl": "Búho",
"Ox": "Buey",
"Oyster": "ostra",
"Package Delivery": "Entrega de paquetes",
"Paddle": "Paleta",
"Paddy Field": "Campo de arroz",
"Page": "Página",
"Pagoda": "Pagoda",
"Paint Container": "Contenedor de pintura",
"Paintball": "paintball",
"Painting": "Pintura",
"Paisley": "cachemir",
"Pajamas": "Pijama",
"Palace": "Palacio",
"Palette": "Paleta",
"Palm Tree": "Palmera",
"Pancake": "Tortita",
"Panoramic": "Panorámico",
"Pansy": "Pensamiento",
"Panther": "Pantera",
"Panties": "Bragas",
"Pantry": "Despensa",
"Pants": "Pantalones",
"Pantyhose": "Pantys",
"Paparazzi": "Paparazzi",
"Papaya": "Papaya",
"Paper": "Papel",
"Paper Towel": "Toalla de papel",
"Papillon": "Papillon",
"Para Rubber Tree": "Árbol de caucho para",
"Parachute": "Paracaídas",
"Parade": "Desfile",
"Parakeet": "Perico",
"Park": "Parque",
"Park Bench": "Banco del parque",
"Parking": "Estacionamiento",
"Parking Lot": "Estacionamiento",
"Parking Meter": "Parquímetro",
"Parliament": "Parlamento",
"Parrot": "Loro",
"Parsley": "Perejil",
"Parsnip": "Chirivía",
"Parthenon": "Partenón",
"Partridge": "Perdiz",
"Party": "Fiesta",
"Party Hat": "Sombrero de fiesta",
"Passenger Car": "Coche de pasajeros",
"Passport": "Pasaporte",
"Pasta": "Pasta",
"Pastry": "Pastelería",
"Pasture": "Pastar",
"Patchwork": "Labor de retazos",
"Path": "Sendero",
"Patient": "Paciente",
"Patio": "Patio",
"Patio Umbrella": "Sombrilla para patio",
"Pattern": "Patrón",
"Pavement": "Acera",
"Pc": "Ordenador personal",
"Pea": "Guisante",
"Peach": "Durazno",
"Peacock": "Pavo real",
"Peak": "Cima",
"Peanut": "Maní",
"Peanut Butter": "Mantequilla de maní",
"Pear": "Pera",
"Pearl": "Perla",
"Pebble": "Guijarro",
"Pecan": "Pacana",
"Pedal": "Pedal",
"Pedestrian": "Peatonal",
"Peel": "Cáscara",
"Peeps": "píos",
"Pelican": "Pelícano",
"Pen": "Bolígrafo",
"Pencil": "Lápiz",
"Pencil Box": "Caja de lápices",
"Pendant": "Colgante",
"Penguin": "Pingüino",
"Peninsula": "Península",
"Penthouse": "Ático",
"Peony": "Peonía",
"People": "Gente",
"Pepper": "Pimienta",
"Perch": "Perca",
"Percussion": "Percusión",
"Performer": "Ejecutante",
"Perfume": "Perfume",
"Pergola": "Pérgola",
"Persimmon": "Caqui",
"Person": "Persona",
"Pet": "Mascota",
"Petal": "Pétalo",
"Petrol": "Gasolina",
"PEZ Dispenser": "Dispensador PEZ",
"Pharmacy": "Farmacia",
"Pheasant": "Faisán",
"Phone": "Teléfono",
"Phone Booth": "Cabina telefónica",
"Photo": "Foto",
"Photo Booth": "Cabina de fotos",
"Photographer": "Fotógrafo",
"Photography": "Fotografía",
"Pianist": "Pianista",
"Piano": "Piano",
"Picket": "Piquete",
"Pickle": "Pepinillo",
"Pickup Truck": "Camioneta",
"Picnic": "Picnic",
"Picture Window": "Ventana de imagen",
"Pie": "Tarta",
"Pier": "Muelle",
"Piercing": "Perforación",
"Pig": "Cerdo",
"Pigeon": "Paloma",
"Piggy Bank": "Hucha",
"Pike": "Lucio",
"Pill": "Píldora",
"Pillar": "Pilar",
"Pillow": "Almohada",
"Pin": "Clavo",
"Pinata": "Piñata",
"Pine": "Pino",
"Pineapple": "Piña",
"Ping Pong": "Ping pong",
"Pipeline": "Tubería",
"Pirate": "Pirata",
"Piste": "pista",
"Pit Stop": "Parada en boxes",
"Pita": "Agave",
"Pitbull": "pitbull",
"Pizza": "Pizza",
"Plaid": "Tartán",
"Plan": "Plan",
"Planet": "Planeta",
"Planetarium": "Planetario",
"Plant": "Planta",
"Planter": "Plantador",
"Planting": "plantación",
"Plaque": "Placa",
"Plastic": "El plastico",
"Plastic Bag": "Bolsa de plastico",
"Plastic Wrap": "Envoltura de plástico",
"Plate Rack": "Escurreplatos",
"Plateau": "Meseta",
"Platinum": "Platino",
"Platter": "Plato",
"Play": "Jugar",
"Play Area": "Área de juego",
"Playground": "Patio de recreo",
"Plaza": "Plaza",
"Plectrum": "Púa",
"Pliers": "Alicates",
"Plot": "Gráfico",
"Plug": "Enchufar",
"Plum": "Ciruela",
"Plumbing": "Plomería",
"Plush": "Felpa",
"Plywood": "Madera contrachapada",
"Pointer": "Puntero",
"Polar Bear": "Oso polar",
"Pole Vault": "Salto con pértiga",
"Police": "Policía",
"Police Car": "Coche de policía",
"Police Dog": "Perro policía",
"Polka Dot": "Lunares",
"Pollen": "Polen",
"Pollution": "Contaminación",
"Polo": "Polo",
"Pomegranate": "Granada",
"Pomelo": "Pomelo",
"Poncho": "Poncho",
"Pond": "Estanque",
"Pond Lily": "lirio de estanque",
"Ponytail": "cola de caballo",
"Poodle": "Caniche",
"Pool": "Piscina",
"Pool Table": "Mesa de billar",
"Pop Bottle": "botella de gaseosa",
"Popcorn": "Palomitas de maiz",
"Pope": "Papa",
"Poppy": "Amapola",
"Porcelain": "Porcelana",
"Porch": "Porche",
"Porcupine": "Puerco espín",
"Pork": "Cerdo",
"Port": "Puerto",
"Porthole": "Porta",
"Portrait": "Retrato",
"Possum": "Zarigüeya",
"Postage Stamp": "Sello de correos",
"Postal Office": "Oficina de correos",
"Postbox": "Buzón",
"Postcard": "Tarjeta postal",
"Poster": "Póster",
"Pot": "Maceta",
"Potato": "Papa",
"Potted Plant": "Planta en maceta",
"Pottery": "cerámica",
"Potty": "Orinal",
"Poultry": "Aves de corral",
"Powder": "Polvo",
"Power Drill": "Taladro eléctrico",
"Power Lines": "Líneas eléctricas",
"Power Plant": "Planta de energía",
"Prayer": "Oración",
"Prayer Beads": "Rosario",
"Premiere": "Estreno",
"Press Conference": "Conferencia de prensa",
"Pretzel": "Galleta salada",
"Priest": "Sacerdote",
"Printer": "Impresora",
"Prison": "Prisión",
"Private Mailbox": "Buzón Privado",
"Produce": "Producir",
"Projection Screen": "Pantalla de proyección",
"Projector": "Proyector",
"Promontory": "Promontorio",
"Propeller": "Hélice",
"Protest": "Protesta",
"Ptarmigan": "perdiz nival",
"Pub": "pub",
"Public Mailbox": "Buzón Público",
"Puddle": "Charco",
"Puffer": "Fumador",
"Puffin": "Frailecillo",
"Pug": "Doguillo",
"Pump": "Bomba",
"Pumpkin": "Calabaza",
"Puppy": "Cachorro",
"Purple": "Púrpura",
"Purse": "Bolso",
"Putter": "Holgazanear",
"Pyramid": "Pirámide",
"QR Code": "Código QR",
"Quail": "Codorniz",
"Quartz": "Cuarzo",
"Quilt": "Colcha",
"Quince": "Membrillo",
"Quiver": "Carcaj",
"Rabbit": "Conejo",
"Raccoon": "Mapache",
"Race Car": "Coche de carreras",
"Racket": "Raqueta",
"Radiator": "Radiador",
"Radio": "Radio",
"Radio Telescope": "Radio telescopio",
"Radish": "Rábano",
"Rafting": "Canotaje",
"Rail": "Carril",
"Railing": "Barandilla",
"Railway": "Ferrocarril",
"Rain Barrel": "Barril de lluvia",
"Rainbow": "Arcoíris",
"Raincoat": "Impermeable",
"Rainforest": "Selva",
"Raisins": "Pasas",
"Rake": "Rastrillo",
"Rally": "Reunión",
"RAM Memory": "Memoria RAM",
"Ramp": "Rampa",
"Ranch": "Rancho",
"Raspberry": "Frambuesa",
"Rat": "Rata",
"Rattle": "Traqueteo",
"Rattlesnake": "Serpiente de cascabel",
"Ravioli": "Ravioles",
"Razor": "Maquinilla de afeitar",
"Reading": "Leer",
"Reception": "Recepción",
"Reception Desk": "Recepción",
"Reception Room": "Sala de recepción",
"Recycling Symbol": "símbolo de reciclaje",
"Red Carpet": "Alfombra roja",
"Red Carpet Premiere": "Estreno de alfombra roja",
"Red Cross": "Cruz Roja",
"Red Fox": "Zorro rojo",
"Red Wine": "Vino tinto",
"Red Wolf": "Lobo rojo",
"Redwood": "Secoya",
"Reed": "Junco",
"Reef": "Arrecife",
"Reel": "Carrete",
"Refinery": "Refinería",
"Refrigerator": "Refrigerador",
"Relish": "Saborear",
"Remote Control": "Control remoto",
"Reptile": "Reptil",
"Reservoir": "Reservorio",
"Resort": "Complejo",
"Restaurant": "Restaurante",
"Revolving Door": "Puerta giratoria",
"Rhino": "Rinoceronte",
"Rhubarb": "Ruibarbo",
"Ribs": "Costillas",
"Rice": "Arroz",
"Riding Boot": "Bota de montar",
"Rifle": "Rifle",
"Ring": "Anillo",
"Rink": "Pista",
"Ripple": "Onda",
"River": "Río",
"Road": "La carretera",
"Road Sign": "Señal de tráfico",
"Roast": "Asar",
"Robe": "Túnica",
"Robin": "Robin",
"Robot": "Robot",
"Rock": "Rock",
"Rock Beauty": "Belleza de roca",
"Rock Climbing": "Escalada de roca",
"Rock Concert": "Concierto de rock",
"Rock Python": "pitón de roca",
"Rocket": "Cohete",
"Rocking Chair": "Mecedora",
"Rodent": "Roedor",
"Rodeo": "Rodeo",
"Roller Coaster": "Montaña rusa",
"Roof": "Techo",
"Roof Rack": "Barra de techo",
"Room": "Habitación",
"Rooster": "Gallo",
"Root": "Raíz",
"Rope": "Soga",
"Rope Bridge": "Puente de cuerda",
"Rosary": "Rosario",
"Rose": "Rosa",
"Rotor": "Rotor",
"Router": "enrutador",
"Rowboat": "Bote de remos",
"Rubber Eraser": "Goma de borrar",
"Rubble": "Escombros",
"Rubix Cube": "Cubo Rubix",
"Rug": "Alfombra",
"Rugby Ball": "Pelota de rugby",
"Ruins": "Restos",
"Running": "Corriendo",
"Running Shoe": "Zapatos para correr",
"Running Track": "Pista de carreras",
"Runway": "Pista",
"Rural": "Rural",
"Rust": "Óxido",
"Rutabaga": "Nabo sueco",
"Rv": "autocaravana",
"Sack": "Bolsa",
"Saddle": "Sillín",
"Safe": "A salvo",
"Sailboat": "Velero",
"Sailor Suit": "Traje de marinero",
"Saint Bernard": "San Bernardo",
"Sake": "Motivo",
"Salad": "Ensalada",
"Salamander": "Salamandra",
"Samurai": "Samurai",
"Sand": "Arena",
"Sandal": "Sandalia",
"Sandwich": "Sandwich",
"Sandwich Wrap": "Envoltura de sándwich",
"Sapphire": "Zafiro",
"Sardine": "Sardina",
"Sari": "Sari",
"Sash": "Faja",
"Saucer": "Platillo",
"Savanna": "Sabana",
"Saxophone": "Saxofón",
"Scaffolding": "Andamio",
"Scale": "Escala",
"Scarecrow": "Espantapájaros",
"Scarf": "Bufanda",
"Scenery": "Escenario",
"School": "Colegio",
"School Bus": "Autobús escolar",
"Scientist": "Científico",
"Scissors": "Tijeras",
"Scooter": "Scooter",
"Scoreboard": "Marcador",
"Scorpion": "Escorpión",
"Screen": "Pantalla",
"Screw": "Tornillo",
"Screwdriver": "Destornillador",
"Scroll": "Desplazarse",
"Scuba Diving": "Submarinismo",
"Sculpture": "Escultura",
"Sea": "Mar",
"Sea Anemone": "Anémona de mar",
"Sea Life": "Vida marina",
"Sea Lion": "León marino",
"Sea Snake": "Serpiente de mar",
"Sea Turtle": "Tortuga marina",
"Sea Waves": "Las olas del mar",
"Seafood": "Mariscos",
"Seagull": "Gaviota",
"Seahorse": "Caballo de mar",
"Seal": "Sello",
"Seaplane": "Hidroavión",
"Seashell": "Concha",
"Seasoning": "Condimento",
"Seat Belt": "Cinturón de seguridad",
"Seaweed": "Algas marinas",
"Security": "Seguridad",
"Sedan": "Sedán",
"Seed": "Semilla",
"Seesaw": "Balancín",
"Segway": "Segway",
"Selfie": "Autofoto",
"Seminar": "Seminario",
"Senior Citizen": "Jubilado",
"Server": "Servidor",
"Sesame": "Sésamo",
"Sewer": "Alcantarillado",
"Sewing": "De coser",
"Sewing Machine": "Máquina de coser",
"Shack": "Choza",
"Shaker": "Criba vibradora",
"Shallot": "Chalote",
"Shampoo": "Champú",
"Shark": "Tiburón",
"Shears": "Tijeras",
"Sheep": "Oveja",
"Sheet Music": "Partitura",
"Shelf": "Estante",
"Shelter": "Refugio",
"Shield": "Escudo",
"Ship": "Barco",
"Shipping Container": "Contenedor de envío",
"Shipwreck": "Naufragio",
"Shirt": "Camisa",
"Shoe": "Zapato",
"Shoe Shop": "Tienda de zapatos",
"Shooting Range": "Rango de disparo",
"Shop": "Tienda",
"Shopping": "Compras",
"Shopping Bag": "Bolsa de la compra",
"Shopping Basket": "Cesta de la compra",
"Shopping Cart": "Carro de compras",
"Shopping Mall": "Centro comercial",
"Shoreline": "Orilla",
"Shorts": "Bermudas",
"Shotgun": "Escopeta",
"Shoulder": "Hombro",
"Shovel": "Pala",
"Shower": "Ducha",
"Shower Curtain": "Cortina de la ducha",
"Shower Faucet": "Grifo de ducha",
"Shrimp": "Camarón",
"Shrine": "Santuario",
"Shutter": "Obturador",
"Siamese": "siamés",
"Sideboard": "Aparador",
"Sidecar": "Sidecar",
"Sidewalk": "Acera",
"Siding": "Vía muerta",
"Sign": "Señal",
"Signature": "Firma",
"Silhouette": "Silueta",
"Silk": "Seda",
"Silver": "Plata",
"Sink": "Fregadero",
"Sink Faucet": "Grifo del fregadero",
"Sitting": "Sesión",
"Skateboard": "Patineta",
"Skating": "Patinaje",
"Skeleton": "Esqueleto",
"Sketch": "Bosquejo",
"Ski Boot": "Bota de esquí",
"Skiing": "Esquiar",
"Skin": "Piel",
"Skirt": "Falda",
"Skunk": "Zorrillo",
"Sky": "Cielo",
"Skylight": "Claraboya",
"Skyscraper": "Rascacielos",
"Slate": "Pizarra",
"Sled": "Trineo",
"Sleeping": "Durmiendo",
"Sleeve": "Manga",
"Sliced": "Rebanado",
"Slide": "Deslizar",
"Sliding Door": "Puerta corrediza",
"Slingshot": "Honda",
"Slope": "Pendiente",
"Slot": "Ranura",
"Sloth": "Perezoso",
"Slow Cooker": "Olla de cocción lenta",
"Slug": "Babosa",
"Slum": "Barrio bajo",
"Smelling": "oler",
"Smile": "Sonreír",
"Smog": "Niebla tóxica",
"Smoke": "Fumar",
"Smoke Pipe": "pipa de humo",
"Smoking": "De fumar",
"Smoothie": "Zalamero",
"Snack": "Merienda",
"Snail": "Caracol",
"Snake": "Víbora",
"Sneaker": "zapatilla de deporte",
"Sniper": "Francotirador",
"Snorkeling": "Bucear",
"Snout": "Hocico",
"Snow": "Nieve",
"Snow Angel": "Ángel de nieve",
"Snow Leopard": "Leopardo de nieve",
"Snowboarding": "Snowboarding",
"Snowflake": "Copo de nieve",
"Snowman": "Monigote de nieve",
"Snowplow": "Quitanieves",
"Soap": "Jabón",
"Soccer": "Fútbol",
"Soccer Ball": "Balón de fútbol",
"Sock": "Calcetín",
"Soda": "soda",
"Softball": "Sofbol",
"Soil": "Suelo",
"Solar Panels": "Paneles solares",
"Soldier": "Soldado",
"Sombrero": "Sombrero",
"Soup": "Sopa",
"Soup Bowl": "Tazón de sopa",
"Soy": "Soja",
"Spa": "Spa",
"Space": "Espacio",
"Space Heater": "Calentador",
"Space Shuttle": "Transbordador espacial",
"Space Station": "Estación Espacial",
"Spaceship": "Astronave",
"Spaghetti": "Espaguetis",
"Spandex": "Spandex",
"Spaniel": "Spaniel",
"Sparrow": "Gorrión",
"Speaker": "Vocero",
"Spear": "Lanza",
"Speech": "Habla",
"Sphere": "Esfera",
"Spice": "especia",
"Spider": "Araña",
"Spider Web": "Telaraña",
"Spinach": "Espinaca",
"Spiral": "Espiral",
"Spire": "Aguja",
"Spoke": "Habló",
"Sponge": "Esponja",
"Sponge Animal": "Esponja Animal",
"Spoon": "Cuchara",
"Sport": "Deporte",
"Sports": "Deportes",
"Sports Car": "Coche deportivo",
"Spotlight": "Destacar",
"Spray Can": "Lata de aerosol",
"Spring": "Primavera",
"Spring Break": "Vacaciones de primavera",
"Sprinkler": "Aspersor",
"Sprinkles": "Asperja",
"Sprout": "Brote",
"Spruce": "Abeto",
"Squash": "Calabaza",
"Squat": "Ponerse en cuclillas",
"Squid": "Calamar",
"Squirrel": "Ardilla",
"Stadium": "Estadio",
"Stage": "Escenario",
"Stain": "Mancha",
"Stained Glass": "Vitral",
"Stained Wood": "Madera Teñida",
"Staircase": "Escalera",
"Stallion": "Semental",
"Stand": "Permanecer",
"Standing": "En pie",
"Star Symbol": "símbolo de estrella",
"Starfish": "Estrella de mar",
"Starry Sky": "Cielo estrellado",
"Statue": "Estatua",
"Steak": "Bife",
"Steam Engine": "Máquina de vapor",
"Steamer": "Buque de vapor",
"Steel": "Acero",
"Steeple": "Campanario",
"Steering Wheel": "Volante",
"Stein": "jarra",
"Stencil": "Plantilla",
"Stereo": "Estéreo",
"Stew": "Estofado",
"Stick": "Vara",
"Sticker": "Pegatina",
"Stilts": "zancos",
"Stingray": "mantarraya",
"Stitch": "Puntada",
"Stocking": "Media",
"Stole": "Robó",
"Stomach": "Estómago",
"Stone Wall": "Pared de piedra",
"Stopsign": "Señal de stop",
"Stopwatch": "Cronógrafo",
"Stork": "Cigüeña",
"Storm": "Tormenta",
"Stout": "cerveza negra",
"Stove": "Cocina",
"Strap": "Correa",
"Straw": "Sorbete",
"Strawberry": "Fresa",
"Stream": "Arroyo",
"Street": "Calle",
"Streetcar": "Tranvía",
"Stretch": "Estirar",
"Stroller": "Paseante",
"Student": "Alumno",
"Studio": "Estudio",
"Stuffing": "Relleno",
"Sturgeon": "Esturión",
"Submarine": "Submarino",
"Suburb": "Suburbio",
"Subway": "Subterraneo",
"Suede": "Ante",
"Sugar": "Azúcar",
"Suit": "Traje",
"Suitcase": "Valija",
"Summer": "Verano",
"Sumo": "Sumo",
"Sun": "Sol",
"Sun Hat": "Sombrero para el sol",
"Sundial": "Reloj de sol",
"Sunflower": "Girasol",
"Sunglasses": "Gafas de sol",
"Sunlight": "Luz del sol",
"Sunrise": "Amanecer",
"Sunscreen": "protector solar",
"Sunset": "Puesta de sol",
"Supermarket": "Supermercado",
"Supper": "Cena",
"Surface Computer": "Computadora de superficie",
"Surfboard": "Tabla de surf",
"Surfing": "Surf",
"Surgeon": "Cirujano",
"Surgeonfish": "pez cirujano",
"Surgery": "Cirugía",
"Sushi": "Sushi",
"Suspenders": "Tirantes",
"Suspension": "Suspensión",
"Suspension Bridge": "Puente colgante",
"Suv": "todoterreno",
"Swallow": "Tragar",
"Swamp": "Pantano",
"Swan": "Cisne",
"Swat Team": "Equipo SWAT",
"Sweater": "Suéter",
"Sweatshirt": "Camisa de entrenamiento",
"Sweet Potato": "Batata",
"Sweets": "dulces",
"Swimming": "Nadando",
"Swimming Cap": "Gorro de natación",
"Swimming Pool": "Alberca",
"Swimwear": "Trajes de baño",
"Swing": "Balancear",
"Switch": "Cambiar",
"Sword": "Espada",
"Swordfish": "Pez espada",
"Sycamore": "Sicomoro",
"Symbol": "Símbolo",
"Syrup": "Jarabe",
"T-Rex": "Tirano saurio Rex",
"T-Shirt": "Camiseta de manga corta",
"Table": "Mesa",
"Table Lamp": "Lámpara de mesa",
"Tablecloth": "Manteles",
"Tablet Computer": "Tableta",
"Tabletop": "Mesa",
"Tabloid": "Tabloide",
"Tachometer": "Tacómetro",
"Taco": "Tacos",
"Tadpole": "Renacuajo",
"Tai Chi": "Tai Chi",
"Takeoff": "Quitarse",
"Tandem Bicycle": "Bicicleta Tándem",
"Tango": "Tango",
"Tank": "Tanque",
"Tank Top": "Camiseta sin mangas",
"Tanker": "Petrolero",
"Tap": "Tocar",
"Tape": "Cinta",
"Tape Player": "Reproductor de cintas",
"Tapestry": "Tapiz",
"Tar": "Alquitrán",
"Tarantula": "Tarántula",
"Tarmac": "Pista",
"Tart": "Tarta",
"Tartan": "Tartán",
"Tattoo": "Tatuaje",
"Taxi": "Taxi",
"Tea": "Té",
"Teacher": "Maestro",
"Teal": "verde azulado",
"Team": "Equipo",
"Team Sport": "Equipo de deporte",
"Teapot": "Tetera",
"Teddy Bear": "Oso de peluche",
"Teen": "Adolescente",
"Teeth": "Diente",
"Telescope": "Telescopio",
"Television": "Televisión",
"Temple": "Templo",
"Tennis": "Tenis",
"Tennis Ball": "Pelota de tenis",
"Tennis Court": "Pista de tenis",
"Tennis Racket": "Raqueta de tenis",
"Tent": "Tienda",
"Tequila": "Tequila",
"Terminal": "Terminal",
"Termite": "Termita",
"Terrace": "Terraza",
"Terrier": "Terrier",
"Text": "Texto",
"Text Message": "Mensaje de texto",
"Texting": "enviar mensajes de texto",
"Texture": "Textura",
"Theater": "Teatro",
"Theme Park": "Parque temático",
"Therapy": "Terapia",
"Thigh": "Hermético",
"Thistle": "Cardo",
"Thong": "Correa",
"Three-Toed Sloth": "Perezoso de tres dedos",
"Throat": "Garganta",
"Throne": "Trono",
"Thumbs Up": "Pulgares hacia arriba",
"Thunderstorm": "Tormenta",
"Tiara": "Tiara",
"Tick": "Garrapata",
"Ticket": "Billete",
"Tie": "Corbata",
"Tiger": "Tigre",
"Tights": "Medias",
"Tiki": "Tiki",
"Tile": "Teja",
"Tile Roof": "Teja",
"Tin": "Estaño",
"Tire": "Neumático",
"Tissue": "Pañuelo de papel",
"Toad": "Sapo",
"Toast": "Tostado",
"Toaster": "Tostadora",
"Tobacco": "Tabaco",
"Toe": "Dedo del pie",
"Toilet": "Baño",
"Toilet Paper": "Papel higienico",
"Tomato": "Tomate",
"Tomb": "Tumba",
"Tombstone": "Lápida sepulcral",
"Tongue": "Lengua",
"Tool": "Herramienta",
"Toolshed": "Cobertizo para herramientas",
"Toothbrush": "Cepillo de dientes",
"Toothpaste": "Pasta dental",
"Torch": "Antorcha",
"Torii": "Torii",
"Tornado": "Tornado",
"Torpedo": "Torpedo",
"Torso": "Torso",
"Torte": "torta",
"Tortellini": "tortellini",
"Tortilla": "Tortilla",
"Tortoise": "Tortuga",
"Tote Bag": "Bolso de mano",
"Totem": "Tótem",
"Toucan": "Tucán",
"Tour Bus": "Autobús turístico",
"Tourist": "Turista",
"Tow Truck": "Camión de remolque",
"Towel": "Toalla",
"Tower": "Torre",
"Town": "Pueblo",
"Town Square": "Plaza de la ciudad",
"Towpath": "camino de sirga",
"Toy": "Juguete",
"Tractor": "Tractor",
"Trademark": "Marca comercial",
"Traffic Jam": "Embotellamiento",
"Traffic Light": "Semáforo",
"Trail": "Camino",
"Trailer Truck": "Camión de remolque",
"Train": "Tren",
"Train Station": "Estación de tren",
"Train Track": "Vías de tren",
"Tram": "Tranvía",
"Trampoline": "Trampolín",
"Transportation": "Transporte",
"Trash": "Basura",
"Trash Can": "Bote de basura",
"Tray": "Bandeja",
"Treasure": "Tesoro",
"Treasure Flower": "flor del tesoro",
"Tree": "Árbol",
"Tree Frog": "Rana de árbol",
"Tree House": "Casa del árbol",
"Tree Stump": "Tocón de árbol",
"Tree Trunk": "Tronco de arbol",
"Trench Coat": "Gabardina",
"Triangle": "Triángulo",
"Tribe": "Tribu",
"Tricycle": "Triciclo",
"Trident": "Tridente",
"Tripod": "Trípode",
"Trolley": "Carretilla",
"Trombone": "Trombón",
"Troop": "Tropa",
"Trophy": "Trofeo",
"Tropical": "Tropical",
"Trout": "Trucha",
"Trowel": "Paleta",
"Truck": "Camión",
"Trumpet": "Trompeta",
"Tsunami": "tsunami",
"Tub": "Tina",
"Tuba": "Tuba",
"Tubing": "Tubería",
"Tugboat": "Remolcador",
"Tulip": "Tulipán",
"Tuna": "Atún",
"Tundra": "Tundra",
"Tunnel": "Túnel",
"Turban": "Turbante",
"Turbine": "Turbina",
"Turkey Bird": "Pavo",
"Turkey Dinner": "Cena de pavo",
"Turnip": "Nabo",
"Turnstile": "Torniquete",
"Turquoise": "Turquesa",
"Turtle": "Tortuga",
"Tuxedo": "Smoking",
"TV": "TELEVISOR",
"Umbrella": "Sombrilla",
"Undershirt": "Camiseta",
"Underwater": "Submarino",
"Underwear": "Ropa interior",
"Universe": "Universo",
"Upright Piano": "Piano vertical",
"Urban": "Urbano",
"Urchin": "Pilluelo",
"Urn": "Urna",
"Utility Pole": "Poste de electricidad",
"Vacation": "Vacación",
"Vacuum Cleaner": "Aspiradora",
"Valley": "Valle",
"Van": "camioneta",
"Vase": "Florero",
"Vault Ceiling": "Techo de bóveda",
"Vegetable": "Vegetal",
"Vegetation": "Vegetación",
"Vehicle": "Vehículo",
"Veil": "Velo",
"Veins": "venas",
"Velvet": "Terciopelo",
"Vending Machine": "Máquina expendedora",
"Vermicelli": "Fideos",
"Vespa": "Vespa",
"Vessel": "Buque",
"Vest": "Chaleco",
"Veterinarian": "Veterinario",
"Viaduct": "Viaducto",
"Vibraphone": "Vibráfono",
"Video Camera": "Camara de video",
"Video Gaming": "Videojuegos",
"Vigil": "Vigilia",
"Villa": "Villa",
"Vine": "Vino",
"Vineyard": "Viñedo",
"Viola": "Viola",
"Violin": "Violín",
"Vise": "Tornillo",
"Volcano": "Volcán",
"Volleyball": "Vóleibol",
"Vulture": "Buitre",
"Waffle": "Gofre",
"Wagon": "Vagón",
"Waiter": "Mesero",
"Waiting Room": "Sala de espera",
"Walk-In Closet": "Vestidor",
"Walking": "Caminando",
"Walkway": "Pasarela",
"Wall": "Pared",
"Wall Clock": "Reloj de pared",
"Wallaby": "Ualabí",
"Wallet": "Cartera",
"Walnut": "Nuez",
"Walrus": "Morsa",
"Wand": "Varita mágica",
"Wardrobe": "Placard",
"Warehouse": "Depósito",
"Warplane": "Avión de guerra",
"Warthog": "jabalí",
"Washer": "Lavadora",
"Washing": "Lavado",
"Wasp": "Avispa",
"Water": "Agua",
"Water Bottle": "Botella de agua",
"Water Gun": "Pistola de agua",
"Water Jug": "Jarra de agua",
"Water Park": "Parque acuatico",
"Water Tower": "Torre de agua",
"Watercraft": "Embarcaciones",
"Waterfall": "Cascada",
"Waterfowl": "aves acuáticas",
"Waterfront": "frente al mar",
"Watering Can": "Regadera",
"Watermelon": "Sandía",
"Wax Seal": "Sello de cera",
"Weapon": "Arma",
"Weaponry": "Arsenal",
"Weasel": "Comadreja",
"Weather": "Tiempo",
"Weaving": "Costura",
"Webcam": "Cámara web",
"Webpage": "Página web",
"Wedding": "Boda",
"Wedding Cake": "Pastel de bodas",
"Wedding Gown": "Vestido de boda",
"Wedge": "Cuña",
"Weed": "Hierba",
"Whale": "Ballena",
"Wheat": "Trigo",
"Wheel": "Rueda",
"Wheelbarrow": "Carretilla",
"Wheelchair": "Silla de ruedas",
"Whip": "Látigo",
"Whipped Cream": "Crema batida",
"Whisky": "Whisky",
"Whistle": "Silbato",
"White": "Blanco",
"White Board": "Pizarron",
"White Dog": "Perro blanco",
"Wig": "Peluca",
"Wilderness": "Desierto",
"Wildlife": "Fauna silvestre",
"Willow": "Sauce",
"Wind Turbine": "Turbina eólica",
"Windchime": "carillón de viento",
"Window": "Ventana",
"Window Display": "Escaparate",
"Window Shade": "Persiana",
"Windshield": "Parabrisas",
"Wine": "Vino",
"Wine Bottle": "Botella de vino",
"Wine Glass": "Copa de vino",
"Winter": "Invierno",
"Wire": "Cable",
"Wiring": "Alambrado",
"Wok": "Wok",
"Wolf": "Lobo",
"Woman": "Mujer",
"Wood": "Madera",
"Wooden Spoon": "Cuchara de madera",
"Woodland": "Bosque",
"Woodpecker": "Pájaro carpintero",
"Wool": "Lana",
"Word": "Palabra",
"Worker": "Trabajador",
"Working Out": "Trabajando",
"Workshop": "Taller",
"Worm": "Gusano",
"Worship": "Rendir culto",
"Woven": "tejido",
"Wreath": "Guirnalda",
"Wren": "Reyezuelo",
"Wrench": "Llave inglesa",
"Wrestling": "Lucha",
"Wrist": "Pulsera",
"Wristwatch": "Reloj de pulsera",
"X-Ray": "Radiografía",
"Xylophone": "Xilófono",
"Yacht": "Yate",
"Yak": "Yak",
"Yam": "batata",
"Yard": "Patio",
"Yarn": "Hilo",
"Yew": "Tejo",
"Yoga": "Yoga",
"Yogurt": "Yogur",
"Zebra": "Cebra",
"Zebra Crossing": "Paso de cebra",
"Zipper": "Cremallera",
"Zoo": "zoo",
"Zucchini": "Calabacín",